,predicted_labels,true_labels
22727,3,3
2282,0,0
28522,5,5
634,0,0
15345,2,2
22764,3,3
32041,6,6
26886,5,5
9208,1,1
17312,2,2
13428,1,1
32326,6,6
14295,1,1
10198,1,1
975,0,0
17798,2,2
10191,1,1
18610,2,2
26248,4,4
28896,5,5
31919,6,6
27083,5,5
9767,1,1
26061,4,4
25078,4,4
23192,3,3
11811,1,1
3625,0,0
2958,0,0
19143,2,2
17014,2,2
18934,2,2
23954,3,3
13143,1,1
14161,1,1
2872,0,0
20143,6,3
4414,0,0
24999,4,4
13594,1,1
15978,2,2
7778,0,0
23539,3,3
9901,1,1
23730,3,3
23204,3,3
17406,2,2
22336,3,3
10551,1,1
24066,3,3
5963,0,0
18728,2,2
15132,2,2
21605,3,3
30468,6,6
7866,0,0
7841,0,0
11036,1,1
31079,6,6
32005,6,6
3595,0,0
18167,2,2
7435,0,0
16594,2,2
17245,2,2
28309,5,5
9599,1,1
23150,3,3
5898,0,0
10787,1,1
18937,2,2
30423,6,6
16693,2,2
23574,3,3
17184,2,2
24058,3,3
23055,3,3
32329,6,6
29364,5,5
28886,5,5
1230,0,0
10529,1,1
2933,0,0
25829,4,4
29176,5,5
26703,5,5
27774,5,5
14580,2,2
18752,2,2
3288,0,0
2256,0,0
13219,1,1
26707,5,5
21945,3,3
16780,2,2
10462,1,1
17646,2,2
5672,0,0
6731,0,0
13217,1,1
12173,1,1
2845,0,0
1763,0,0
17284,2,2
2187,0,0
21564,3,3
26354,4,4
60,0,0
32552,6,6
29550,5,5
10477,1,1
31384,6,6
9479,1,1
18634,2,2
29088,5,5
7451,0,0
3397,0,0
28399,5,5
27585,5,5
12580,1,1
17559,2,2
16194,2,2
31062,6,6
25234,4,4
6249,0,0
24568,3,3
17489,2,2
9756,1,1
6257,0,0
1875,0,0
5994,0,0
25820,4,4
27778,5,5
4351,0,0
17160,2,2
14548,2,2
7233,0,0
15575,2,2
31124,6,6
28216,5,5
14876,2,2
3497,0,0
28813,5,5
14654,2,2
25595,4,4
13190,1,1
32050,6,6
4728,0,0
9342,1,1
31997,6,6
22627,3,3
13282,1,1
1280,0,0
1631,0,0
14057,1,1
15485,2,2
1518,0,0
30592,6,6
12282,1,1
9508,1,1
19404,3,3
32473,6,6
24947,4,4
10120,1,1
749,0,0
28451,5,5
29375,5,5
13666,1,1
12105,1,1
16112,2,2
11549,1,1
21865,3,3
785,0,0
21959,3,3
31141,6,6
12864,1,1
11597,1,1
19917,3,3
19897,6,3
3364,0,0
4188,0,0
1012,0,0
15870,2,2
8702,1,1
25727,4,4
319,0,0
15367,2,2
23408,3,3
14439,1,1
29302,5,5
7699,0,0
21353,3,3
12529,1,1
9725,1,1
12826,1,1
27032,5,5
8663,1,1
13907,1,1
23615,3,3
9105,1,1
1122,0,0
11971,1,1
28312,5,5
9399,1,1
31767,6,6
23480,3,3
30221,6,6
24025,3,3
12136,1,1
10448,1,1
10158,1,1
17666,2,2
3537,0,0
22816,3,3
10949,1,1
5079,0,0
17,0,0
23155,3,3
3669,0,0
24125,3,3
15203,2,2
13187,1,1
25362,4,4
18972,2,2
8397,1,1
31071,6,6
15862,2,2
11963,1,1
3614,0,0
14133,1,1
26514,5,5
23414,3,3
15622,2,2
14613,2,2
10359,1,1
9425,1,1
32022,6,6
28327,5,5
15479,2,2
6425,0,0
20081,3,3
29687,5,5
18518,2,2
10686,1,1
13785,1,1
7799,0,0
14210,1,1
15569,2,2
5071,0,0
22214,3,3
25960,4,4
12571,1,1
16843,2,2
4675,0,0
28097,5,5
28142,5,5
12605,1,1
7166,0,0
26376,4,4
16936,2,2
7406,0,0
13814,1,1
28500,5,5
1661,0,0
28403,5,5
7020,0,0
31556,6,6
26344,4,4
24128,3,3
23548,3,3
16706,2,2
13224,1,1
2052,0,0
20745,3,3
1475,0,0
9646,1,1
27963,5,5
14090,1,1
24683,4,4
20900,3,3
9863,1,1
23369,3,3
18593,2,2
27515,5,5
21003,3,3
15283,2,2
6465,0,0
12784,1,1
28409,5,5
16982,2,2
18535,2,2
18531,2,2
20684,3,3
15848,2,2
393,0,0
22349,3,3
27641,5,5
1598,0,0
1428,0,0
20852,3,3
30290,6,6
17270,2,2
734,0,0
23226,3,3
9611,1,1
13319,1,1
18969,2,2
24681,4,4
22377,3,3
1016,0,0
28094,5,5
20434,3,3
29863,6,6
19232,3,3
17813,2,2
25566,4,4
9002,1,1
27152,5,5
8942,1,1
5295,0,0
1435,0,0
25937,4,4
27170,5,5
26428,4,4
18313,2,2
25294,4,4
19847,3,3
17155,2,2
3509,0,0
20929,3,3
17068,2,2
16293,2,2
22787,3,3
27507,5,5
18913,2,2
17511,3,2
10183,1,1
14824,2,2
4390,0,0
1832,0,0
23466,3,3
24275,3,3
3587,0,0
8873,1,1
28864,5,5
14761,2,2
6553,0,0
24776,4,4
17506,2,2
20478,3,3
6610,0,0
23610,3,3
20874,3,3
24882,4,4
8088,0,0
31755,6,6
7874,0,0
5778,0,0
32550,6,6
15286,2,2
10029,1,1
5110,0,0
3378,0,0
7881,0,0
69,0,0
11500,1,1
15433,2,2
29895,6,6
2731,0,0
22171,3,3
31663,6,6
23513,3,3
21144,3,3
19637,3,3
26790,5,5
15043,2,2
9528,1,1
446,0,0
29494,5,5
18534,2,2
26723,5,5
7604,0,0
2361,0,0
3209,0,0
12626,1,1
23996,3,3
21811,3,3
24617,4,4
22902,3,3
14914,2,2
6661,0,0
6902,0,0
15385,2,2
16151,2,2
28176,5,5
13007,1,1
18367,2,2
5170,0,0
8859,1,1
2331,0,0
13691,1,1
15553,2,2
6322,0,0
22798,3,3
28554,5,5
1028,0,0
10987,1,1
25975,4,4
15544,2,2
32349,6,6
16397,2,2
32285,6,6
5562,0,0
8926,1,1
6167,0,0
1032,0,0
21207,3,3
24578,3,3
13924,1,1
16979,2,2
16994,2,2
18705,2,2
11214,1,1
16390,2,2
28649,5,5
16384,2,2
14285,1,1
10609,1,1
23096,3,3
23688,3,3
2627,0,0
21560,3,3
4706,0,0
6155,0,0
23345,3,3
3005,0,0
4156,0,0
14599,2,2
17577,2,2
28878,5,5
6606,0,0
31307,6,6
23007,3,3
20322,3,3
10582,1,1
8249,1,1
23872,3,3
26728,5,5
18416,2,2
2606,0,0
21772,3,3
30261,6,6
6194,0,0
15406,2,2
30021,6,6
29904,6,6
27382,5,5
28754,5,5
18575,2,2
32168,6,6
9252,1,1
31568,6,6
32424,6,6
21097,3,3
25360,4,4
12332,1,1
27764,5,5
7228,0,0
27790,5,5
8630,1,1
12444,1,1
29798,6,6
7755,0,0
30002,6,6
8057,0,0
17059,2,2
26725,5,5
29469,5,5
11227,1,1
24643,4,4
26200,4,4
22104,3,3
9661,1,1
28691,5,5
25338,4,4
12583,1,1
20427,6,3
21280,3,3
23122,3,3
23278,3,3
10244,1,1
18183,2,2
28134,5,5
17755,2,2
30376,6,6
27130,5,5
12630,1,1
7037,0,0
20611,3,3
30267,6,6
682,0,0
32039,6,6
1106,0,0
7717,0,0
18348,6,2
16362,2,2
13247,1,1
31719,6,6
30532,6,6
30434,6,6
15084,2,2
20482,3,3
29887,6,6
9628,1,1
8640,1,1
14301,1,1
5973,0,0
28619,5,5
22743,3,3
22406,3,3
4908,0,0
11169,1,1
2927,0,0
29542,5,5
19222,2,2
20412,3,3
16790,2,2
14023,1,1
6713,0,0
32238,6,6
29762,6,6
18978,2,2
27022,5,5
20274,3,3
7896,0,0
7011,0,0
5309,0,0
19106,2,2
28007,5,5
17147,2,2
31374,6,6
20451,3,3
30585,6,6
6308,0,0
9184,1,1
7830,0,0
5820,0,0
6937,0,0
6914,0,0
25830,4,4
31329,6,6
12094,1,1
11940,1,1
22224,3,3
15947,2,2
2956,0,0
16090,2,2
10776,1,1
28330,5,5
18714,2,2
14382,1,1
15814,2,2
11550,1,1
8303,1,1
23573,3,3
5674,0,0
25648,4,4
2526,0,0
29883,6,6
14445,2,2
23736,3,3
21803,3,3
7007,0,0
24225,3,3
6128,0,0
4246,0,0
10891,1,1
12676,1,1
32478,6,6
20613,3,3
9969,1,1
11194,1,1
5759,0,0
29935,6,6
29581,5,5
5645,0,0
5976,0,0
13608,1,1
8699,1,1
23775,3,3
20258,3,3
27990,5,5
29993,6,6
21684,3,3
11887,1,1
8823,1,1
17110,2,2
18573,2,2
10519,1,1
22350,3,3
4814,0,0
9301,1,1
4213,0,0
32034,6,6
9103,1,1
8554,1,1
30879,6,6
3249,0,0
30069,6,6
23776,6,3
2644,0,0
13491,1,1
22659,3,3
21951,3,3
19828,3,3
24797,4,4
3483,0,0
5246,0,0
14490,2,2
510,0,0
29093,5,5
18171,2,2
26196,4,4
3141,0,0
13441,1,1
15656,2,2
17218,2,2
28148,5,5
26165,4,4
4898,0,0
16227,2,2
18784,2,2
17484,2,2
4833,0,0
2330,0,0
27689,5,5
11298,1,1
5371,0,0
23947,3,3
2194,0,0
32157,6,6
26676,5,5
11697,1,1
13632,1,1
3351,0,0
18163,2,2
29978,6,6
19102,2,2
25474,4,4
31262,6,6
16474,2,2
5601,0,0
28369,5,5
4158,0,0
30894,6,6
30338,6,6
18422,2,2
45,0,0
28207,5,5
13004,1,1
2461,0,0
29202,5,5
15625,2,2
20079,3,3
14469,2,2
21987,3,3
11424,1,1
10730,1,1
9294,1,1
2990,0,0
12792,1,1
26719,5,5
19964,3,3
26334,4,4
11722,1,1
28457,5,5
8904,1,1
12953,1,1
8682,1,1
25617,4,4
14547,2,2
4853,0,0
9580,1,1
29968,6,6
26278,4,4
10693,1,1
9924,1,1
15126,2,2
19824,3,3
25948,4,4
28990,5,5
24178,3,3
19819,3,3
26031,4,4
13303,1,1
27242,5,5
23130,3,3
5866,0,0
14713,2,2
3139,0,0
12651,1,1
30635,6,6
28636,5,5
4494,0,0
2311,0,0
21553,3,3
32399,6,6
1430,0,0
20856,3,3
8902,1,1
18318,2,2
28842,5,5
17279,2,2
5721,0,0
27435,5,5
31964,6,6
21542,6,3
13707,1,1
8786,1,1
27673,5,5
8808,1,1
1472,0,0
10382,1,1
19669,3,3
22955,3,3
1936,0,0
31301,6,6
23254,3,3
8571,1,1
13694,1,1
10375,1,1
23968,3,3
1809,0,0
30270,6,6
17074,2,2
1846,0,0
28380,5,5
12042,1,1
8648,1,1
24599,4,4
23163,3,3
17620,2,2
809,0,0
14984,2,2
16590,2,2
3648,0,0
20341,3,3
10614,1,1
24695,4,4
5473,0,0
31456,6,6
16359,2,2
22649,3,3
27735,5,5
30059,6,6
26106,4,4
6685,0,0
23582,3,3
1657,0,0
3171,0,0
24093,3,3
8023,0,0
19031,2,2
28433,5,5
4065,0,0
10307,1,1
8711,1,1
24069,3,3
22337,3,3
25101,4,4
11273,3,1
12646,1,1
15778,2,2
9666,1,1
16626,2,2
1217,0,0
26348,4,4
10310,1,1
1356,0,0
2986,0,0
28106,5,5
14734,2,2
23988,3,3
7240,0,0
31866,6,6
8978,1,1
29291,5,5
16400,2,2
2247,0,0
30056,6,6
17452,2,2
15130,2,2
7955,0,0
6176,0,0
17105,2,2
26641,5,5
3091,0,0
13968,1,1
18811,2,2
17285,2,2
1494,0,0
17748,2,2
23492,3,3
20870,3,3
19935,3,3
22696,3,3
22949,3,3
25564,4,4
9079,1,1
8567,1,1
16567,2,2
7561,0,0
24508,3,3
31563,6,6
4313,0,0
17638,2,2
19802,3,3
32387,6,6
12799,1,1
23137,3,3
20286,3,3
30941,6,6
14816,2,2
18608,2,2
14670,2,2
21672,3,3
19744,3,3
17728,2,2
24316,3,3
23759,3,3
10742,1,1
21749,3,3
22750,3,3
10736,1,1
3126,0,0
26065,4,4
6342,0,0
11005,1,1
17762,2,2
14975,2,2
8527,1,1
16297,2,2
28050,5,5
3415,0,0
20542,3,3
19662,3,3
21086,3,3
2434,0,0
31596,6,6
13434,1,1
14745,2,2
24253,3,3
1643,0,0
5005,0,0
18676,2,2
25487,4,4
24630,4,4
17581,2,2
23913,3,3
16201,2,2
21874,3,3
21758,3,3
22092,3,3
17239,2,2
11535,1,1
4024,0,0
26554,5,5
12639,1,1
26318,4,4
19100,2,2
18215,2,2
4098,0,0
10556,1,1
25580,4,4
20307,3,3
9023,1,1
12096,1,1
6874,0,0
25785,4,4
14904,2,2
25468,4,4
14935,2,2
21118,3,3
15676,2,2
12863,1,1
10879,1,1
12901,1,1
6017,0,0
7057,0,0
29694,5,5
28033,5,5
25382,4,4
196,0,0
15357,2,2
3394,0,0
26215,4,4
25805,4,4
19561,3,3
21041,3,3
8141,0,0
12614,1,1
9962,1,1
18033,2,2
1196,0,0
22324,3,3
11367,1,1
28268,5,5
29497,5,5
17575,2,2
19721,3,3
27406,5,5
17140,2,2
31744,6,6
27896,5,5
32282,6,6
25497,6,4
31577,6,6
12984,1,1
27509,5,5
12001,1,1
2468,0,0
4452,0,0
989,0,0
18061,2,2
23376,3,3
21202,3,3
24885,4,4
22577,3,3
15473,3,2
2337,0,0
27904,5,5
13537,1,1
31624,6,6
24853,4,4
4504,0,0
17880,2,2
16757,2,2
5822,0,0
14240,1,1
26491,5,5
19259,3,3
16337,2,2
26581,5,5
3534,0,0
805,0,0
11336,1,1
22608,3,3
797,0,0
9774,1,1
13580,1,1
2839,0,0
6393,0,0
24910,4,4
1422,0,0
19715,3,3
16071,2,2
3216,0,0
30138,6,6
22405,3,3
30778,6,6
32471,6,6
16031,2,2
25702,4,4
13833,1,1
24935,4,4
30045,6,6
6890,0,0
7463,0,0
29277,5,5
14751,2,2
15521,2,2
31987,6,6
27548,5,5
22414,3,3
24825,4,4
25044,4,4
19008,2,2
28817,5,5
7487,0,0
29296,5,5
15229,2,2
13624,1,1
4422,0,0
8142,0,0
7018,0,0
12600,1,1
6020,0,0
19672,3,3
14189,1,1
506,0,0
29786,6,6
15081,2,2
11013,1,1
471,0,0
15500,2,2
18128,2,2
14720,2,2
10824,1,1
13102,1,1
17040,2,2
11931,1,1
1985,0,0
649,0,0
8296,1,1
26089,4,4
28688,5,5
13759,1,1
32308,6,6
434,0,0
27351,5,5
28776,5,5
4408,0,0
10823,1,1
5933,0,0
22906,3,3
13961,1,1
11529,1,1
27180,5,5
21414,3,3
31988,6,6
11709,1,1
3143,0,0
25353,4,4
3038,0,0
32535,6,6
23772,3,3
18406,2,2
14885,2,2
27858,5,5
29659,5,5
30464,6,6
16214,2,2
10248,1,1
14862,2,2
5173,0,0
27065,5,5
16502,2,2
19336,6,3
13965,1,1
31710,6,6
17869,2,2
17251,2,2
7552,0,0
23846,3,3
22143,3,3
7580,0,0
5300,0,0
19968,3,3
26857,5,5
25853,4,4
11242,1,1
1811,0,0
12206,1,1
3496,0,0
12331,1,1
18449,2,2
27154,5,5
24809,4,4
11719,1,1
3242,0,0
16302,2,2
18922,2,2
8282,1,1
28810,5,5
25872,4,4
252,0,0
10657,1,1
16668,2,2
31279,6,6
18032,2,2
25936,4,4
32018,6,6
18965,2,2
5269,0,0
19799,6,3
12110,1,1
2739,0,0
22131,3,3
12267,1,1
491,0,0
29219,5,5
3077,0,0
9796,1,1
19300,3,3
30483,6,6
23483,3,3
18506,2,2
30116,6,6
22318,3,3
963,0,0
296,0,0
11587,1,1
26391,4,4
31903,6,6
28397,5,5
16244,2,2
10723,1,1
5163,0,0
12871,1,1
23632,3,3
27698,5,5
9300,1,1
7019,0,0
17049,2,2
22602,3,3
13807,1,1
179,0,0
18810,2,2
3724,0,0
12476,1,1
15430,2,2
19592,6,3
3634,0,0
27195,5,5
25056,4,4
13045,1,1
7391,0,0
24851,4,4
14126,1,1
1758,0,0
17328,2,2
18592,2,2
1703,0,0
22125,3,3
15429,2,2
9487,1,1
10478,1,1
3887,0,0
3189,0,0
10621,1,1
18582,2,2
13188,1,1
15652,2,2
19613,3,3
10091,1,1
13139,1,1
31852,6,6
11982,1,1
29403,5,5
13327,1,1
8399,1,1
8325,1,1
4381,0,0
9797,1,1
10889,1,1
13695,1,1
28247,5,5
30697,6,6
1521,0,0
28793,5,5
18437,2,2
13909,1,1
28801,5,5
17417,2,2
19926,3,3
245,0,0
17001,2,2
15015,2,2
2211,0,0
6910,0,0
6019,0,0
14159,1,1
11103,1,1
1123,0,0
11733,1,1
15346,2,2
1709,0,0
12579,1,1
12761,1,1
7013,0,0
16950,2,2
23377,3,3
6407,0,0
12815,1,1
8721,1,1
19141,2,2
9626,1,1
14479,2,2
11131,1,1
9044,1,1
15483,2,2
536,0,0
7919,0,0
26783,5,5
20160,3,3
8607,1,1
21843,3,3
30684,6,6
2099,0,0
9012,1,1
9803,1,1
23732,3,3
15952,2,2
13906,1,1
9652,1,1
7303,0,0
29014,5,5
11408,1,1
16275,2,2
19288,3,3
23153,3,3
2959,0,0
32323,6,6
10088,1,1
21082,3,3
9871,1,1
2907,0,0
24405,3,3
24089,3,3
16346,2,2
22152,3,3
10601,1,1
23358,3,3
7566,0,0
24843,4,4
24375,3,3
10176,1,1
16828,2,2
28576,5,5
29961,6,6
15560,2,2
3331,0,0
16948,2,2
30371,6,6
5189,0,0
11138,1,1
16643,2,2
29158,5,5
2259,0,0
394,0,0
29071,5,5
3243,0,0
17933,2,2
2962,0,0
21536,3,3
24039,3,3
3960,0,0
7500,0,0
1712,0,0
26906,5,5
11007,1,1
4825,0,0
5735,0,0
8151,0,0
27074,5,5
8638,1,1
29784,6,6
20283,3,3
14058,1,1
1040,0,0
23062,3,3
14093,1,1
27503,5,5
26665,5,5
1738,0,0
2997,0,0
15874,2,2
16216,2,2
14225,1,1
11839,1,1
17851,2,2
16565,2,2
4259,0,0
11975,1,1
15708,2,2
25107,4,4
24835,4,4
6739,0,0
5339,0,0
21595,3,3
17429,2,2
8349,1,1
1490,0,0
6679,0,0
22852,3,3
3120,0,0
19360,3,3
18557,2,2
29663,5,5
20045,3,3
11522,1,1
22514,3,3
27594,5,5
1078,0,0
10937,1,1
29933,6,6
30650,6,6
8576,1,1
3874,0,0
9127,1,1
5538,0,0
8530,1,1
9689,1,1
12835,1,1
4811,0,0
27227,5,5
19880,3,3
3332,0,0
12040,1,1
20063,3,3
15006,2,2
6848,0,0
3128,0,0
26378,4,4
23868,3,3
28947,5,5
31233,6,6
8898,1,1
21113,3,3
31010,6,6
545,0,0
7205,0,0
1926,0,0
14893,2,2
5696,0,0
24724,4,4
17025,2,2
23751,3,3
5279,0,0
15766,2,2
20331,3,3
16136,2,2
17292,2,2
10677,1,1
21279,3,3
9465,1,1
6751,0,0
22689,3,3
1743,0,0
16315,2,2
12842,1,1
28972,5,5
31167,6,6
26865,5,5
8907,1,1
28951,5,5
12585,1,1
25931,4,4
28981,5,5
24665,4,4
27961,5,5
280,0,0
22473,3,3
17737,6,2
15049,2,2
13446,1,1
8419,1,1
27254,5,5
15753,2,2
8433,1,1
2517,0,0
17891,2,2
5870,0,0
2687,0,0
28486,5,5
7759,0,0
5480,0,0
2611,0,0
14560,2,2
6984,0,0
14958,2,2
20410,3,3
30624,6,6
25354,4,4
774,0,0
2400,0,0
26409,4,4
527,0,0
11221,1,1
25073,4,4
19124,2,2
17702,2,2
13477,1,1
25819,4,4
16223,2,2
30416,6,6
22926,3,3
43,0,0
32006,6,6
30647,6,6
1750,0,0
17998,2,2
25001,4,4
32077,6,6
32528,6,6
27223,5,5
1994,0,0
1988,0,0
14664,2,2
4174,0,0
24694,4,4
19763,3,3
21287,3,3
12773,1,1
2896,0,0
13811,1,1
14271,1,1
8110,0,0
20764,6,3
2898,0,0
28513,5,5
11200,1,1
10340,1,1
2481,0,0
17324,2,2
13464,1,1
28984,5,5
5698,0,0
690,0,0
17455,2,2
24655,4,4
9931,1,1
3062,0,0
6203,0,0
1701,0,0
23788,3,3
20312,3,3
30192,6,6
751,0,0
11636,1,1
32038,6,6
8016,0,0
21968,3,3
11845,1,1
19301,1,3
13138,1,1
10982,1,1
31033,6,6
8329,1,1
19838,3,3
15503,3,2
31133,6,6
22268,3,3
22211,3,3
1152,0,0
23510,3,3
12479,1,1
17137,2,2
104,0,0
8894,1,1
20288,3,3
30935,6,6
32118,6,6
28732,5,5
28183,5,5
24048,3,3
4532,0,0
14442,1,1
19230,3,3
6939,0,0
8645,1,1
26952,5,5
15971,2,2
23857,3,3
5626,0,0
18666,2,2
28060,5,5
2575,0,0
5393,0,0
17107,2,2
22576,3,3
24788,4,4
11695,1,1
14638,2,2
32383,6,6
7085,0,0
20489,3,3
14004,1,1
26211,4,4
25377,4,4
3663,0,0
4114,0,0
6898,0,0
839,0,0
20032,3,3
26081,4,4
14335,1,1
12180,1,1
2790,0,0
3007,0,0
18959,2,2
16218,2,2
7960,0,0
1922,0,0
16375,2,2
628,0,0
28375,5,5
31830,6,6
13829,1,1
22019,3,3
4739,0,0
447,0,0
16736,2,2
16195,2,2
19079,2,2
21905,3,3
6030,0,0
19768,3,3
14639,2,2
923,0,0
6936,0,0
30651,6,6
3890,0,0
30183,6,6
14143,1,1
10997,1,1
273,0,0
20236,3,3
20372,2,3
27768,5,5
9191,1,1
4146,0,0
7032,0,0
23687,3,3
26691,5,5
25010,4,4
986,0,0
28049,5,5
21452,3,3
17272,2,2
10806,1,1
26293,4,4
999,0,0
32169,6,6
6490,0,0
14577,2,2
22491,3,3
1460,0,0
8100,0,0
22270,3,3
27248,5,5
16034,2,2
18458,2,2
9276,1,1
26963,5,5
1070,0,0
29421,5,5
31934,6,6
2883,0,0
27996,5,5
5358,0,0
14950,2,2
31845,6,6
22650,3,3
29339,5,5
1601,0,0
31112,6,6
8492,1,1
19887,3,3
25573,4,4
10019,1,1
20766,3,3
20961,2,3
11642,1,1
19504,3,3
11206,1,1
32159,6,6
25372,4,4
21552,3,3
2000,0,0
862,0,0
18721,2,2
1526,0,0
2649,0,0
15834,2,2
16726,2,2
15048,3,2
8257,1,1
27197,5,5
17080,2,2
27100,5,5
12348,1,1
2505,0,0
5580,0,0
32117,6,6
6683,0,0
21069,3,3
14111,1,1
10750,1,1
2537,0,0
19482,3,3
4268,0,0
31234,6,6
17248,2,2
5263,0,0
11427,1,1
28384,5,5
7789,0,0
1989,0,0
31769,6,6
11657,1,1
17420,2,2
16962,2,2
15547,2,2
30875,6,6
21239,3,3
13296,1,1
23012,3,3
28055,5,5
9792,1,1
22251,3,3
26642,5,5
10455,1,1
4843,0,0
14694,2,2
9584,1,1
1199,0,0
6591,0,0
29411,5,5
17057,2,2
21889,3,3
28671,5,5
20888,3,3
13001,1,1
7636,0,0
28643,5,5
26999,5,5
7559,0,0
25614,4,4
8066,0,0
13680,1,1
30861,6,6
10743,1,1
3657,0,0
2616,0,0
18927,2,2
290,0,0
1168,0,0
28205,5,5
14362,1,1
25356,4,4
24262,3,3
32433,6,6
9226,1,1
29626,5,5
18578,2,2
24368,3,3
2322,0,0
30878,6,6
235,0,0
10624,1,1
19523,3,3
15528,2,2
25911,4,4
2610,0,0
19980,3,3
5985,0,0
27040,5,5
14997,2,2
13000,1,1
27467,5,5
28118,5,5
28233,5,5
30580,6,6
3435,0,0
27320,5,5
10436,1,1
21651,3,3
27291,5,5
6477,0,0
15360,2,2
8870,1,1
27694,5,5
21478,3,3
5013,0,0
26833,5,5
30455,6,6
26565,5,5
8121,0,0
25081,4,4
10940,1,1
8085,0,0
26184,4,4
14793,2,2
28325,5,5
16074,2,2
24010,3,3
19322,3,3
24400,3,3
3458,0,0
27804,5,5
9311,1,1
21096,3,3
16411,2,2
23365,3,3
20576,3,3
20840,3,3
20164,3,3
28583,5,5
13361,1,1
19292,3,3
24462,2,3
17723,2,2
2876,0,0
30124,6,6
19105,2,2
6701,0,0
27704,5,5
24946,4,4
23670,3,3
18072,2,2
10744,1,1
24811,4,4
27497,5,5
3455,0,0
28072,5,5
31397,6,6
10184,1,1
12943,1,1
23973,3,3
28664,5,5
29538,5,5
28461,5,5
2942,0,0
7466,0,0
11440,1,1
28526,5,5
2794,0,0
28174,5,5
21886,3,3
30420,6,6
29763,6,6
23852,3,3
3295,0,0
17663,2,2
4709,0,0
18252,2,2
28537,5,5
9887,1,1
25802,4,4
30644,6,6
27119,5,5
25891,4,4
16252,2,2
20474,3,3
17143,2,2
7131,0,0
4343,0,0
386,0,0
24785,4,4
11494,6,1
23108,3,3
7897,0,0
24480,3,3
24198,3,3
15934,2,2
15670,2,2
19767,3,3
27120,5,5
1628,0,0
353,0,0
5369,0,0
31013,6,6
21910,3,3
9318,6,1
13758,1,1
4419,0,0
29036,5,5
7283,0,0
30656,6,6
23860,3,3
10536,1,1
23184,3,3
27894,5,5
32313,6,6
17182,2,2
31957,6,6
1307,0,0
31981,6,6
31215,6,6
29153,5,5
24269,3,3
27946,5,5
28319,5,5
31345,6,6
20355,2,3
14334,1,1
16507,2,2
11976,1,1
13292,1,1
16143,2,2
32226,6,6
31619,6,6
7455,0,0
12918,1,1
23217,3,3
18388,3,2
29916,6,6
24552,3,3
6343,0,0
28038,5,5
6609,0,0
18256,2,2
4806,0,0
11149,1,1
4241,0,0
9351,1,1
13470,1,1
30903,6,6
26908,5,5
9306,1,1
32081,6,6
11471,1,1
32579,6,6
9945,1,1
19343,3,3
475,0,0
6402,0,0
25544,4,4
15624,2,2
8196,1,1
7657,0,0
8380,1,1
11778,1,1
7408,0,0
11572,1,1
29134,5,5
7426,0,0
25477,4,4
25639,4,4
19646,3,3
17633,2,2
28034,5,5
2246,0,0
10939,1,1
27003,5,5
20183,3,3
1730,0,0
13782,1,1
27073,5,5
7053,0,0
16685,2,2
9990,1,1
7203,0,0
12990,1,1
14022,1,1
16016,2,2
9230,1,1
21632,3,3
23322,3,3
28969,5,5
25784,4,4
13957,1,1
7396,0,0
19796,3,3
25972,4,4
16840,2,2
15692,2,2
2056,0,0
3072,0,0
7601,0,0
4815,0,0
22037,3,3
17745,2,2
18417,2,2
1254,0,0
3424,0,0
31793,6,6
10137,1,1
1825,0,0
23455,3,3
4061,0,0
1995,0,0
19834,3,3
25099,4,4
23190,3,3
30348,6,6
2209,0,0
6929,0,0
22532,3,3
25117,4,4
2787,0,0
13802,1,1
9128,1,1
31041,6,6
15177,2,2
21391,3,3
5863,0,0
5128,0,0
26222,4,4
30868,6,6
31628,6,6
7638,0,0
10568,1,1
3122,0,0
24447,3,3
31707,6,6
32425,6,6
27799,5,5
27116,5,5
7612,0,0
15987,2,2
27164,5,5
20056,3,3
612,0,0
29986,6,6
30964,6,6
24813,4,4
20294,3,3
2810,0,0
23901,3,3
29131,5,5
4094,0,0
15335,2,2
27560,5,5
26059,4,4
21051,3,3
21482,3,3
18951,2,2
18294,2,2
29601,5,5
14180,1,1
30354,6,6
5608,0,0
7688,0,0
5651,0,0
10655,1,1
18783,2,2
5301,0,0
11816,1,1
23458,3,3
20445,3,3
14266,1,1
241,0,0
15574,2,2
25592,4,4
28092,5,5
19144,2,2
17601,2,2
10643,1,1
25113,4,4
31313,6,6
5427,0,0
3145,0,0
8719,1,1
28218,5,5
10372,1,1
13164,1,1
19543,3,3
17007,2,2
2355,0,0
11713,1,1
19532,3,3
16246,2,2
4647,0,0
11611,1,1
29564,5,5
8261,1,1
6202,0,0
18220,2,2
16756,2,2
30760,4,6
9017,1,1
10207,1,1
12356,1,1
10835,1,1
21237,3,3
18028,2,2
23618,3,3
21142,3,3
25112,4,4
8792,1,1
7063,0,0
5036,0,0
28524,5,5
32020,6,6
20324,3,3
22093,3,3
16689,2,2
24949,4,4
1765,0,0
7188,0,0
26639,5,5
11512,1,1
4133,0,0
6509,0,0
15795,2,2
15749,2,2
11132,1,1
14047,1,1
26397,4,4
4232,0,0
6352,0,0
30750,6,6
26088,4,4
26855,5,5
19242,6,3
24076,3,3
19098,2,2
15425,2,2
13815,1,1
10841,1,1
28718,5,5
6613,0,0
1000,0,0
16744,2,2
17054,2,2
32502,6,6
29183,5,5
6894,0,0
31074,6,6
1094,0,0
8174,0,0
6374,0,0
1941,0,0
30147,6,6
15254,2,2
6554,0,0
28088,5,5
3511,0,0
362,0,0
12063,1,1
17382,2,2
25371,4,4
19193,2,2
5239,0,0
13357,1,1
14360,1,1
2832,0,0
25644,4,4
21663,3,3
27600,5,5
21103,3,3
30035,6,6
16970,2,2
8276,1,1
23906,3,3
1352,0,0
1390,0,0
10420,1,1
13295,1,1
1874,0,0
11345,1,1
19265,3,3
11648,1,1
4557,0,0
8778,1,1
2602,0,0
31666,6,6
4175,0,0
22901,3,3
2096,0,0
17773,2,2
27275,5,5
29458,5,5
2032,0,0
15208,2,2
22245,3,3
26701,5,5
19475,3,3
30098,6,6
18798,2,2
2850,0,0
29146,5,5
28040,5,5
8090,0,0
16516,2,2
20582,3,3
3910,0,0
16941,2,2
32257,6,6
32342,6,6
4710,0,0
16313,2,2
11286,1,1
30904,6,6
28891,5,5
840,0,0
18923,2,2
21419,3,3
29447,5,5
19170,2,2
14336,1,1
7464,0,0
14869,2,2
13024,1,1
19724,3,3
1286,0,0
7121,0,0
370,0,0
32385,6,6
12795,1,1
20118,3,3
29349,5,5
985,0,0
13302,1,1
32498,6,6
5657,0,0
20681,3,3
23074,3,3
18851,2,2
13205,1,1
23029,3,3
11371,1,1
26452,5,5
29247,5,5
30372,6,6
4353,0,0
1867,0,0
8423,1,1
4093,0,0
29113,5,5
26862,5,5
24671,4,4
9401,1,1
8348,1,1
8484,1,1
29351,5,5
13461,1,1
9119,1,1
21616,3,3
21964,3,3
14112,1,1
13530,1,1
5317,0,0
31146,6,6
30674,6,6
1060,0,0
10390,1,1
19889,3,3
7659,0,0
6262,0,0
3342,0,0
7360,0,0
9576,1,1
8234,1,1
28633,5,5
11870,1,1
7646,0,0
27846,5,5
29473,5,5
8294,1,1
17373,2,2
26359,4,4
13828,1,1
29485,5,5
25731,4,4
25259,4,4
28943,5,5
30671,6,6
24907,4,4
31243,6,6
14365,1,1
6048,0,0
16882,2,2
20001,3,3
2514,0,0
31835,6,6
24641,4,4
23824,2,3
28229,5,5
706,0,0
23364,3,3
23711,3,3
3656,0,0
18075,2,2
3268,0,0
24955,4,4
7747,0,0
12803,1,1
15414,2,2
28907,5,5
3211,0,0
21641,3,3
14120,1,1
31511,6,6
30384,6,6
30146,6,6
26127,4,4
26976,5,5
13556,1,1
7383,0,0
337,0,0
19577,3,3
19634,3,3
26177,4,4
12685,1,1
16178,2,2
4890,0,0
21567,3,3
32487,6,6
10511,1,1
26467,5,5
12691,1,1
13172,1,1
26924,5,5
30429,6,6
30096,6,6
26145,4,4
12258,1,1
12530,1,1
31821,6,6
27720,5,5
27954,5,5
30762,6,6
16387,2,2
32281,6,6
10917,1,1
28795,5,5
11763,1,1
28621,5,5
31219,6,6
10287,1,1
13344,1,1
22091,3,3
14492,5,2
18268,2,2
148,0,0
3237,0,0
15056,2,2
13803,1,1
1338,0,0
28481,5,5
3508,0,0
13558,1,1
1603,0,0
20323,3,3
18895,2,2
13425,1,1
22140,3,3
17145,2,2
14027,1,1
10637,1,1
10565,1,1
14163,1,1
4580,0,0
11468,1,1
24226,3,3
25031,4,4
4719,0,0
2395,0,0
24726,4,4
24161,3,3
7432,0,0
25588,4,4
28784,5,5
27434,5,5
21053,3,3
26305,4,4
10543,1,1
25719,4,4
17556,2,2
42,0,0
29112,5,5
2369,0,0
6389,0,0
7514,0,0
30785,6,6
19007,2,2
25518,4,4
14861,2,2
29759,6,6
30063,6,6
17756,2,2
24167,3,3
15710,2,2
4992,0,0
11458,1,1
2222,0,0
9753,1,1
14604,2,2
27008,5,5
13841,1,1
8291,1,1
15825,2,2
21631,3,3
1496,0,0
22358,3,3
22687,3,3
22383,3,3
5352,0,0
16410,2,2
17217,2,2
29640,5,5
31452,6,6
10048,1,1
29299,5,5
6592,0,0
31056,6,6
30852,6,6
30648,6,6
30226,6,6
31305,6,6
27519,5,5
30759,6,6
12654,1,1
32434,6,6
9616,1,1
5783,0,0
21960,3,3
20999,3,3
13638,1,1
8546,1,1
15318,2,2
21075,2,3
31138,6,6
23819,3,3
17944,2,2
26258,4,4
3775,0,0
15251,2,2
6120,0,0
26051,4,4
25414,4,4
908,0,0
20359,3,3
13422,1,1
8945,1,1
31325,6,6
32048,6,6
16825,2,2
18017,2,2
9129,1,1
18023,2,2
8511,1,1
1640,0,0
9367,1,1
8190,1,1
29769,6,6
30516,6,6
17005,2,2
29669,5,5
19665,3,3
31093,6,6
27314,5,5
9137,1,1
29603,5,5
25013,4,4
17357,2,2
27588,5,5
29258,5,5
31338,6,6
17407,2,2
28120,5,5
18111,2,2
6725,0,0
24271,6,3
10163,1,1
1699,0,0
29992,6,6
17824,2,2
22217,3,3
18800,4,2
6172,0,0
20473,3,3
3816,0,0
25713,4,4
27897,5,5
14629,2,2
6857,0,0
19128,2,2
9268,1,1
1323,0,0
7810,0,0
5680,0,0
5274,0,0
20302,3,3
25495,4,4
27127,5,5
29613,5,5
21932,3,3
25191,4,4
10444,1,1
23098,3,3
4502,0,0
27901,5,5
11578,1,1
1405,0,0
16846,2,2
16165,2,2
11185,1,1
15047,2,2
22545,3,3
18530,2,2
4447,0,0
11225,1,1
31827,6,6
3680,0,0
18653,2,2
7630,0,0
12195,1,1
27263,5,5
20813,3,3
5277,0,0
24096,3,3
20968,3,3
4242,0,0
744,0,0
17269,2,2
21304,3,3
8039,0,0
2673,0,0
22842,3,3
25165,4,4
22423,3,3
10843,1,1
4680,0,0
12820,1,1
3756,0,0
10233,1,1
28889,5,5
32033,6,6
25968,4,4
19137,2,2
3700,0,0
14544,2,2
12316,1,1
24404,3,3
3132,0,0
5576,0,0
28075,5,5
30736,6,6
20346,3,3
7751,0,0
18104,2,2
14723,3,2
15219,2,2
18432,2,2
18621,2,2
22536,3,3
15723,2,2
4658,0,0
27068,5,5
21805,6,3
2961,0,0
938,0,0
30667,6,6
308,0,0
11028,1,1
2748,0,0
8874,1,1
10531,1,1
9049,1,1
14456,2,2
14538,2,2
18950,2,2
4436,0,0
7507,0,0
3912,0,0
25693,4,4
2592,0,0
11267,1,1
17701,2,2
21862,6,3
8532,1,1
26398,4,4
1839,0,0
15966,2,2
2176,0,0
32575,6,6
2227,0,0
24495,3,3
32411,6,6
28845,5,5
3570,0,0
244,0,0
31853,6,6
13324,1,1
10550,1,1
16268,2,2
25928,4,4
2753,0,0
5724,0,0
30856,6,6
29797,6,6
25100,4,4
24396,3,3
14524,2,2
28347,5,5
20040,3,3
31819,6,6
8253,1,1
20476,3,3
21297,3,3
13447,1,1
29,0,0
29847,6,6
16363,2,2
8163,0,0
11439,1,1
24792,4,4
23281,3,3
21354,3,3
25898,4,4
4186,0,0
27619,5,5
30068,6,6
22195,3,3
4683,0,0
4998,0,0
28874,5,5
32124,6,6
7633,0,0
25030,4,4
27421,5,5
12062,1,1
8118,0,0
20213,3,3
9936,1,1
28202,5,5
11155,1,1
28393,5,5
20580,3,3
20493,3,3
2178,0,0
16545,2,2
19641,6,3
24889,4,4
7813,0,0
10899,1,1
295,0,0
22535,3,3
25126,4,4
21604,3,3
23133,3,3
26868,5,5
5290,0,0
1377,0,0
13838,1,1
1212,0,0
21005,3,3
1879,0,0
31502,6,6
8012,0,0
173,0,0
11454,1,1
19683,6,3
22441,3,3
29401,5,5
10366,1,1
29761,6,6
895,0,0
28155,5,5
17743,2,2
30377,6,6
7122,0,0
10491,1,1
32267,6,6
22828,3,3
9742,1,1
1501,0,0
30687,6,6
14623,2,2
4155,0,0
28432,5,5
29794,6,6
16771,2,2
6349,0,0
7523,0,0
20497,3,3
8324,1,1
11576,1,1
1386,0,0
29651,5,5
28794,5,5
14136,1,1
27384,5,5
29169,5,5
13702,1,1
27617,5,5
8248,1,1
1408,0,0
25955,4,4
25640,4,4
25524,4,4
16052,2,2
28562,5,5
793,0,0
13095,1,1
30496,6,6
20797,3,3
18107,6,2
2930,0,0
4166,0,0
6707,0,0
29503,5,5
3902,0,0
28763,5,5
11590,1,1
5583,0,0
899,0,0
14326,1,1
21492,3,3
30831,6,6
3929,0,0
20287,3,3
30283,6,6
18273,2,2
30839,6,6
25179,4,4
1895,0,0
23895,3,3
9331,1,1
8787,1,1
7469,0,0
1114,0,0
10094,1,1
1315,0,0
30848,6,6
1759,0,0
25994,4,4
52,0,0
9571,1,1
5761,0,0
12445,1,1
14732,2,2
19993,3,3
10694,1,1
8655,1,1
28932,5,5
4650,0,0
5014,0,0
6641,0,0
15253,2,2
16783,2,2
7710,0,0
27559,5,5
18410,2,2
2894,0,0
14312,1,1
11259,1,1
10766,1,1
14062,1,1
9336,1,1
26087,4,4
10214,1,1
769,0,0
20338,3,3
9225,1,1
7245,0,0
6323,0,0
17617,2,2
27045,5,5
24615,4,4
7437,0,0
32444,6,6
11554,1,1
31670,6,6
31382,6,6
22729,6,3
18224,2,2
29695,5,5
28128,5,5
25212,4,4
4610,0,0
11553,1,1
6838,0,0
19327,3,3
12821,1,1
26250,4,4
30309,6,6
24722,4,4
12484,1,1
6856,0,0
3272,0,0
21101,3,3
7871,0,0
5411,0,0
15305,2,2
21293,3,3
18145,2,2
10929,1,1
1085,0,0
8789,1,1
21769,3,3
19708,3,3
4911,0,0
21377,3,3
22066,3,3
15460,2,2
22988,3,3
10133,1,1
8014,0,0
6335,0,0
14710,2,2
2799,0,0
5293,0,0
4442,0,0
2339,0,0
13175,1,1
14944,2,2
1017,0,0
7187,0,0
9158,1,1
22953,3,3
22685,3,3
27831,5,5
26851,5,5
8903,1,1
25312,4,4
3201,0,0
1257,0,0
2686,0,0
32368,6,6
5333,0,0
24921,4,4
11413,1,1
5726,0,0
30530,6,6
17738,2,2
21697,3,3
13097,1,1
20826,3,3
29178,5,5
27148,5,5
21573,3,3
20310,3,3
10984,1,1
30018,6,6
5501,0,0
16715,2,2
1092,0,0
31285,6,6
30865,6,6
14542,2,2
4619,0,0
10317,1,1
13910,1,1
28582,5,5
10640,1,1
22993,3,3
4478,0,0
27344,5,5
26435,4,4
15496,4,2
3393,0,0
152,0,0
778,0,0
4119,0,0
1830,0,0
21728,3,3
20304,3,3
32028,6,6
3661,0,0
12064,1,1
20651,3,3
16015,2,2
5625,0,0
30765,6,6
25888,4,4
30952,6,6
24684,4,4
26169,4,4
2458,0,0
8606,1,1
12191,1,1
18864,2,2
10571,1,1
22865,3,3
18345,2,2
20105,3,3
5093,0,0
1278,0,0
23905,3,3
9920,1,1
26040,4,4
1542,0,0
4865,0,0
24527,3,3
16232,2,2
25884,4,4
26710,5,5
26743,5,5
10100,1,1
6014,0,0
10979,1,1
9118,1,1
13456,1,1
4044,0,0
13279,1,1
18602,2,2
5056,0,0
14746,2,2
9671,1,1
31900,6,6
22515,3,3
20921,3,3
18537,2,2
24934,4,4
28190,5,5
4597,0,0
19147,2,2
29446,5,5
27532,5,5
18494,2,2
21771,3,3
19202,2,2
2137,0,0
26873,5,5
22200,3,3
9921,1,1
27266,5,5
6224,0,0
18401,2,2
1797,0,0
9390,1,1
2079,0,0
10270,1,1
27207,5,5
22856,3,3
11580,1,1
24291,3,3
31723,6,6
17495,2,2
18805,2,2
19195,2,2
20722,3,3
14302,1,1
925,0,0
15702,2,2
4770,0,0
3042,0,0
4373,0,0
6045,0,0
22943,3,3
30550,6,6
26951,5,5
24099,3,3
3547,0,0
26498,5,5
29419,5,5
15787,2,2
22517,1,3
19899,3,3
4396,0,0
30329,6,6
15571,2,2
18837,2,2
31091,6,6
28561,5,5
6429,0,0
8848,1,1
27063,5,5
3538,0,0
14491,2,2
15945,2,2
14608,2,2
23341,3,3
1243,0,0
23700,3,3
20217,3,3
13460,1,1
2831,0,0
28804,5,5
21847,3,3
12569,1,1
18868,2,2
3285,0,0
8584,1,1
11000,1,1
7647,0,0
22241,3,3
29806,6,6
13135,1,1
20966,3,3
26898,5,5
24440,3,3
1170,0,0
27563,5,5
23215,3,3
17922,2,2
29915,6,6
28368,5,5
27629,5,5
4378,0,0
1309,0,0
13410,1,1
18025,2,2
6152,0,0
29768,6,6
20084,3,3
22228,3,3
10993,1,1
2763,0,0
21468,3,3
23909,3,3
6967,0,0
21302,3,3
20850,6,3
806,0,0
29877,6,6
19929,3,3
5889,0,0
8304,1,1
8524,1,1
2521,0,0
30119,6,6
9777,1,1
26325,4,4
2945,0,0
1142,0,0
23897,3,3
18778,3,2
29366,5,5
10439,1,1
15951,2,2
18395,2,2
20590,3,3
13013,1,1
17391,2,2
12923,1,1
24623,4,4
15079,2,2
31142,6,6
10944,1,1
32200,6,6
26225,4,4
28212,5,5
9330,1,1
18561,2,2
16059,2,2
20163,3,3
27092,5,5
26592,5,5
8652,1,1
11616,1,1
24799,4,4
3473,0,0
3904,0,0
9985,1,1
30180,6,6
5345,0,0
9078,1,1
15497,2,2
29081,5,5
8315,1,1
21846,3,3
32432,6,6
17778,2,2
15592,2,2
29770,6,6
13637,1,1
30515,6,6
135,0,0
12947,1,1
21301,3,3
7619,0,0
19082,2,2
20880,3,3
6664,0,0
28831,5,5
32466,6,6
796,0,0
12047,3,1
27257,5,5
32196,6,6
29774,6,6
19985,3,3
26611,5,5
20657,3,3
20279,3,3
31623,6,6
23874,3,3
13265,1,1
25966,4,4
3082,0,0
6450,0,0
31902,6,6
13085,1,1
21225,3,3
11321,1,1
17860,2,2
1536,0,0
3224,0,0
9569,1,1
8180,0,0
12715,1,1
12674,1,1
9554,1,1
19769,3,3
31357,6,6
19861,3,3
11600,1,1
13069,1,1
20033,3,3
24705,4,4
202,0,0
11977,1,1
22235,3,3
31500,6,6
3942,0,0
28051,5,5
16834,2,2
20549,3,3
17909,2,2
12925,1,1
27900,5,5
14957,2,2
14787,2,2
7958,0,0
29778,6,6
6828,0,0
99,0,0
29955,6,6
12836,1,1
11492,1,1
7885,0,0
32356,6,6
13471,1,1
15165,2,2
24235,3,3
14182,1,1
19645,3,3
27908,5,5
6175,0,0
17654,2,2
12416,1,1
28443,5,5
16122,2,2
7597,0,0
29262,5,5
8332,1,1
1380,0,0
3916,0,0
30011,6,6
13671,1,1
22620,3,3
17095,2,2
20839,3,3
6650,0,0
5169,0,0
23209,3,3
32405,6,6
10808,1,1
23413,3,3
31683,6,6
10577,1,1
6715,0,0
30262,6,6
16367,2,2
6413,0,0
8081,0,0
16164,2,2
8331,1,1
23284,3,3
27565,5,5
25188,4,4
10663,1,1
8877,1,1
31389,6,6
4045,0,0
18642,2,2
32384,6,6
19183,2,2
12807,1,1
1614,0,0
18541,2,2
11786,1,1
12407,1,1
29881,6,6
25410,4,4
17056,2,2
9941,1,1
31944,6,6
29703,5,5
31200,6,6
32516,6,6
18320,2,2
25896,4,4
23157,3,3
30930,6,6
23578,3,3
31498,6,6
7475,0,0
4656,0,0
24720,4,4
24803,4,4
23316,3,3
21996,3,3
10856,1,1
13382,1,1
6237,0,0
10675,1,1
15974,2,2
7459,0,0
1905,0,0
14901,2,2
8133,0,0
19535,4,3
18814,2,2
25916,4,4
2060,0,0
25764,4,4
12747,1,1
9607,1,1
5699,0,0
18394,2,2
21173,3,3
20716,3,3
20848,3,3
13252,1,1
21425,3,3
11330,1,1
23699,3,3
1842,0,0
15770,2,2
6396,0,0
20927,3,3
28361,5,5
1642,0,0
30737,6,6
16135,2,2
18001,2,2
18785,2,2
23622,3,3
4459,0,0
18731,2,2
9109,1,1
15282,2,2
5727,0,0
14979,2,2
11359,1,1
13136,1,1
24101,3,3
16743,2,2
27010,5,5
26750,5,5
1372,0,0
9852,1,1
16374,2,2
26735,5,5
8845,1,1
4513,0,0
19520,3,3
4404,0,0
27446,5,5
16690,2,2
2657,0,0
6260,0,0
11314,1,1
3937,0,0
5208,0,0
646,0,0
32505,6,6
27184,5,5
23335,3,3
15171,2,2
25555,4,4
31057,6,6
9092,1,1
10394,1,1
12931,1,1
22841,3,3
18830,2,2
6466,0,0
20023,3,3
11277,1,1
14016,1,1
2007,0,0
735,0,0
5046,0,0
2871,0,0
19500,3,3
24417,3,3
20886,3,3
28506,5,5
4267,0,0
8308,1,1
338,0,0
4081,0,0
31270,6,6
23454,3,3
954,0,0
4730,0,0
2539,0,0
24709,4,4
21522,3,3
27262,5,5
24503,3,3
15536,2,2
31685,6,6
17086,2,2
8741,1,1
22149,3,3
13193,1,1
24295,3,3
31145,6,6
32073,6,6
31703,6,6
30078,6,6
27625,5,5
30074,6,6
2604,0,0
20282,3,3
22313,3,3
13600,1,1
10005,1,1
3903,0,0
32032,6,6
3229,0,0
20126,3,3
3374,0,0
9202,1,1
22758,3,3
29988,6,6
5563,0,0
22935,3,3
13757,1,1
20869,3,3
18708,2,2
29894,6,6
5398,0,0
5294,0,0
3505,0,0
24360,3,3
19691,3,3
20734,3,3
3845,0,0
9003,1,1
7350,0,0
12478,1,1
30574,6,6
29251,5,5
24084,3,3
12167,1,1
31003,6,6
18935,2,2
30060,6,6
2439,0,0
4809,0,0
5805,0,0
22157,3,3
3673,0,0
11585,1,1
11292,1,1
29438,5,5
832,0,0
28273,5,5
21543,3,3
13453,1,1
3016,0,0
27536,5,5
10700,1,1
32027,6,6
6720,0,0
2457,0,0
21433,3,3
21303,3,3
7545,0,0
26752,5,5
28970,5,5
29836,6,6
27392,5,5
30293,6,6
13559,1,1
5102,0,0
1721,0,0
24071,6,3
28518,5,5
24199,3,3
8955,1,1
19946,3,3
20053,3,3
24557,3,3
7171,0,0
8983,1,1
30163,6,6
29136,5,5
1369,0,0
25098,4,4
15533,2,2
4312,0,0
19039,2,2
23779,3,3
6035,0,0
14393,1,1
9356,1,1
32382,6,6
21137,3,3
32414,6,6
1236,0,0
30205,6,6
6540,0,0
1836,0,0
29393,5,5
20949,3,3
21774,3,3
15327,2,2
5050,0,0
8637,1,1
19119,2,2
887,0,0
15595,2,2
13221,1,1
7739,0,0
7094,0,0
3873,0,0
14236,1,1
23103,3,3
801,0,0
18369,2,2
3992,0,0
30340,6,6
31547,6,6
4729,0,0
30092,6,6
3869,0,0
29052,5,5
30157,6,6
24376,3,3
13071,3,1
14108,1,1
5636,0,0
405,0,0
20456,3,3
20369,3,3
3089,0,0
29529,4,5
28018,5,5
10410,1,1
3053,0,0
10819,1,1
16364,2,2
18977,2,2
9998,1,1
7134,0,0
17679,2,2
22209,3,3
26927,5,5
20554,3,3
13927,1,1
29698,5,5
20297,3,3
29940,6,6
27479,5,5
15808,2,2
4855,0,0
8855,1,1
11638,3,1
23186,3,3
30437,6,6
13982,1,1
6980,0,0
23171,3,3
10159,1,1
9421,1,1
19226,2,2
17953,2,2
19587,3,3
5335,0,0
30131,6,6
2934,0,0
18711,2,2
24613,4,4
29059,5,5
27142,5,5
10303,1,1
31616,6,6
22671,3,3
16030,2,2
27971,5,5
24080,3,3
6177,0,0
2549,0,0
11895,1,1
10585,1,1
19601,3,3
21112,3,3
5644,0,0
19257,3,3
7772,0,0
15959,2,2
11795,1,1
3970,0,0
18880,2,2
24353,3,3
8690,1,1
2680,0,0
20298,3,3
2900,0,0
20867,3,3
5471,0,0
30498,6,6
7051,0,0
903,0,0
14000,1,1
22299,3,3
6168,0,0
16678,2,2
16824,2,2
2363,0,0
14762,2,2
21396,3,3
24990,4,4
25328,4,4
28447,5,5
4458,0,0
9590,1,1
16568,2,2
8661,1,1
2276,0,0
24959,4,4
15506,2,2
21035,3,3
30368,6,6
15375,2,2
21648,3,3
15274,2,2
25890,4,4
30518,6,6
15363,2,2
20634,3,3
11373,1,1
13533,3,1
20381,3,3
3214,0,0
27108,5,5
12960,1,1
17185,2,2
27921,5,5
20742,3,3
30665,6,6
22071,3,3
22542,3,3
31870,6,6
13554,1,1
23526,3,3
25260,4,4
9514,1,1
15647,2,2
8079,0,0
7587,0,0
11633,1,1
31564,6,6
859,0,0
25152,4,4
13246,1,1
1760,0,0
2232,0,0
185,0,0
11072,1,1
3487,0,0
9437,1,1
19262,3,3
7921,0,0
16260,2,2
26670,5,5
25870,4,4
12301,1,1
15781,2,2
26808,5,5
13549,1,1
25151,4,4
7340,0,0
22990,3,3
25231,4,4
29743,6,6
29379,5,5
25321,4,4
3679,0,0
11466,1,1
12713,1,1
838,0,0
1885,0,0
12700,1,1
6253,0,0
17243,2,2
8759,1,1
13871,1,1
17463,2,2
3475,0,0
12199,1,1
2368,0,0
23260,3,3
1125,0,0
1671,0,0
26417,4,4
2757,0,0
26730,5,5
28909,5,5
6835,0,0
2497,0,0
17587,2,2
31705,6,6
31281,6,6
17810,2,2
1711,0,0
9139,1,1
25606,4,4
11914,1,1
23550,3,3
6541,0,0
16641,2,2
30584,6,6
30522,6,6
14262,1,1
13777,1,1
3806,0,0
26982,5,5
20735,3,3
30631,6,6
22278,3,3
6695,0,0
28426,5,5
23706,3,3
16094,2,2
1256,0,0
29754,6,6
144,0,0
3161,0,0
2873,0,0
22766,3,3
3088,0,0
9072,1,1
29303,5,5
15220,2,2
9064,1,1
4468,0,0
18807,2,2
13706,1,1
17705,2,2
4925,0,0
15806,2,2
30690,6,6
25910,4,4
1399,0,0
28980,5,5
15234,2,2
8267,1,1
25984,4,4
31633,6,6
18158,2,2
30739,6,6
17178,2,2
20715,3,3
20051,3,3
8735,1,1
3670,0,0
28573,5,5
2905,0,0
18169,2,2
29170,5,5
14237,1,1
13322,1,1
10022,1,1
15671,2,2
23249,3,3
23654,3,3
16284,2,2
12975,1,1
18073,2,2
20428,3,3
12164,1,1
1306,0,0
22997,3,3
12869,1,1
11305,1,1
22914,3,3
3564,0,0
15121,2,2
6889,0,0
30871,6,6
2982,0,0
3708,0,0
7230,0,0
11378,1,1
14962,2,2
28705,5,5
28406,5,5
29358,5,5
23962,3,3
2229,0,0
2776,0,0
23757,3,3
29301,5,5
13583,1,1
17841,2,2
30086,6,6
28549,5,5
6235,0,0
2254,0,0
14499,2,2
22412,3,3
322,0,0
28982,5,5
30439,6,6
18144,2,2
14213,1,1
20785,3,3
4955,0,0
15038,2,2
12779,1,1
3948,0,0
10518,1,1
22999,3,3
22085,3,3
818,0,0
4928,0,0
8793,1,1
20641,3,3
945,0,0
17363,2,2
16708,2,2
7499,0,0
23856,3,3
12347,1,1
17353,2,2
13614,1,1
19644,3,3
7831,0,0
12061,1,1
17289,2,2
9287,1,1
29397,5,5
13395,1,1
24864,4,4
23694,3,3
15054,2,2
7184,0,0
19513,3,3
3138,0,0
30292,6,6
22832,3,3
14591,2,2
21323,3,3
4568,0,0
9360,1,1
7126,0,0
7060,0,0
2161,0,0
22799,3,3
31818,6,6
13053,1,1
6832,0,0
28570,5,5
32560,6,6
3324,0,0
8580,1,1
22967,3,3
14230,1,1
21247,3,3
8103,0,0
126,0,0
2104,0,0
27470,5,5
27980,5,5
30562,6,6
23159,3,3
12598,1,1
14983,2,2
1683,0,0
15828,2,2
7670,0,0
321,0,0
18513,2,2
7754,0,0
25480,4,4
20469,3,3
25132,4,4
6438,0,0
7889,0,0
19863,3,3
9983,1,1
15953,2,2
23021,3,3
27591,5,5
22274,3,3
32583,6,6
31546,6,6
3612,0,0
11950,1,1
19234,3,3
18973,2,2
1925,0,0
3974,0,0
16435,2,2
932,0,0
18082,2,2
3165,0,0
26766,5,5
21160,3,3
8534,1,1
2456,0,0
6050,0,0
31414,6,6
21674,3,3
17551,2,2
4063,0,0
12962,1,1
5743,0,0
26404,4,4
25882,4,4
24979,4,4
5453,0,0
10246,1,1
9656,1,1
8108,0,0
107,0,0
21559,3,3
28185,5,5
11726,1,1
18065,2,2
27589,5,5
5132,0,0
32123,6,6
12679,1,1
16080,2,2
6251,0,0
5432,0,0
25981,4,4
32175,6,6
23371,3,3
9021,1,1
4079,0,0
32296,6,6
16561,2,2
21618,3,3
11178,1,1
31908,6,6
25139,4,4
3372,0,0
1412,0,0
17967,2,2
10146,1,1
19286,3,3
30509,6,6
15296,2,2
12631,1,1
25856,4,4
21507,3,3
25628,4,4
7161,0,0
3907,0,0
19461,3,3
13438,1,1
7326,0,0
19451,3,3
11654,1,1
19055,2,2
14074,1,1
14123,1,1
24798,4,4
8694,1,1
7661,0,0
18011,2,2
19583,3,3
23651,3,3
9120,1,1
17314,2,2
25042,4,4
1131,0,0
2207,0,0
10398,1,1
32146,6,6
17757,2,2
2239,0,0
32152,6,6
121,0,0
29952,6,6
6284,0,0
325,0,0
24628,4,4
988,0,0
5106,0,0
17435,2,2
31156,6,6
16673,2,2
7358,0,0
4587,0,0
3999,0,0
18745,2,2
22114,3,3
1591,0,0
22593,3,3
16952,2,2
27811,5,5
6970,0,0
17889,2,2
20535,3,3
6640,0,0
3023,0,0
14678,2,2
29734,6,6
7857,0,0
7606,0,0
2863,0,0
27556,5,5
11700,1,1
6383,0,0
9473,1,1
7819,0,0
31551,6,6
28790,5,5
20881,3,3
14871,2,2
28245,5,5
16229,2,2
11705,1,1
3175,0,0
19922,3,3
12590,1,1
17583,2,2
32107,6,6
17829,2,2
17876,2,2
27280,5,5
1427,0,0
29523,5,5
18451,2,2
6796,0,0
11984,1,1
6721,0,0
22010,3,3
15928,2,2
1211,0,0
29929,6,6
26383,4,4
23839,3,3
12246,1,1
26313,4,4
3899,0,0
2008,0,0
18108,2,2
13850,1,1
30246,6,6
14260,1,1
17901,2,2
12145,1,1
19381,3,3
18281,2,2
14028,1,1
11262,1,1
24781,4,4
25849,4,4
10333,1,1
25351,4,4
30659,6,6
30240,6,6
6005,0,0
21514,3,3
387,0,0
19219,2,2
9600,1,1
8581,1,1
18581,2,2
15246,2,2
14945,2,2
20309,3,3
8099,0,0
14384,1,1
18861,2,2
24564,3,3
4255,0,0
24908,4,4
11195,1,1
24240,3,3
17476,2,2
19726,3,3
31459,6,6
2720,0,0
23024,3,3
22965,3,3
10283,1,1
8270,1,1
13523,1,1
29353,5,5
21406,3,3
19621,3,3
27638,5,5
4606,0,0
19050,2,2
32597,6,6
23064,3,3
17873,2,2
23879,3,3
19955,3,3
4796,0,0
20895,5,3
18727,2,2
16740,2,2
28297,5,5
30252,6,6
13563,1,1
7502,0,0
18688,2,2
5953,0,0
26168,4,4
5499,0,0
17989,2,2
7815,0,0
27036,4,5
4087,0,0
31392,6,6
2919,0,0
27865,5,5
13083,1,1
1919,0,0
10494,1,1
21393,3,3
16440,2,2
11160,1,1
17716,2,2
17971,2,2
3239,0,0
12433,1,1
24196,3,3
5417,0,0
6029,0,0
6258,0,0
2507,0,0
14064,1,1
27056,5,5
8290,1,1
30772,6,6
18346,2,2
25563,4,4
13899,1,1
6510,0,0
320,0,0
17413,2,2
14243,1,1
21312,3,3
14253,1,1
12642,1,1
30517,6,6
15411,2,2
24068,3,3
15310,2,2
16294,2,2
27410,5,5
15890,2,2
20130,3,3
3256,0,0
12093,1,1
17473,2,2
5470,0,0
8031,0,0
21285,3,3
30979,6,6
31064,6,6
25315,4,4
15701,2,2
14494,2,2
21368,3,3
28634,5,5
3894,0,0
28470,5,5
419,0,0
10858,1,1
25920,4,4
12252,1,1
2480,0,0
24354,3,3
2601,0,0
29323,5,5
14880,2,2
30326,6,6
29683,5,5
32572,6,6
32573,6,6
29722,5,5
31065,6,6
22345,3,3
25965,4,4
14754,2,2
11539,1,1
3552,0,0
18043,6,2
32315,6,6
18618,2,2
18586,2,2
29990,6,6
4487,0,0
3055,0,0
24572,3,3
29571,5,5
22468,3,3
16932,2,2
27483,5,5
20619,3,3
2174,0,0
10,0,0
26978,5,5
9698,1,1
8001,0,0
29245,5,5
12594,1,1
27289,5,5
8883,1,1
19729,3,3
19849,3,3
31837,6,6
2805,0,0
8006,0,0
22065,3,3
26932,5,5
27355,5,5
5222,0,0
19380,2,3
5326,0,0
10622,1,1
9232,1,1
24177,3,3
437,0,0
16335,2,2
19611,3,3
2993,0,0
24685,4,4
25492,4,4
31985,6,6
4185,0,0
10488,1,1
11104,1,1
5763,0,0
7884,0,0
28824,5,5
26336,4,4
7103,0,0
27584,5,5
31445,6,6
6621,0,0
18012,2,2
22452,3,3
1097,0,0
19045,2,2
28108,5,5
23140,3,3
2791,0,0
22059,3,3
18514,2,2
15700,2,2
5182,0,0
15492,2,2
26807,5,5
1478,0,0
2189,0,0
25796,4,4
12729,1,1
51,0,0
9364,1,1
3166,0,0
4008,0,0
6895,0,0
28405,5,5
13392,1,1
26371,4,4
18319,2,2
26974,5,5
17592,2,2
30680,6,6
27538,5,5
28234,5,5
8777,1,1
27614,5,5
3727,0,0
26449,5,5
24145,3,3
4884,0,0
12724,1,1
16759,2,2
12722,1,1
15734,2,2
16464,2,2
19264,3,3
13522,1,1
1662,0,0
2313,0,0
14200,1,1
23812,3,3
27805,5,5
15830,2,2
19698,3,3
30247,6,6
10827,1,1
31848,6,6
4871,0,0
21591,3,3
2129,0,0
17130,2,2
17009,2,2
8665,1,1
20344,3,3
15379,4,2
16197,2,2
21579,3,3
27650,5,5
25168,4,4
24294,3,3
9643,1,1
13046,1,1
17374,2,2
10053,1,1
29947,6,6
23399,3,3
26590,5,5
9482,1,1
5957,0,0
14484,2,2
25175,4,4
9717,1,1
28726,5,5
27892,5,5
6790,0,0
19015,2,2
6499,0,0
13449,1,1
30095,6,6
28441,5,5
10513,1,1
4472,0,0
26509,5,5
18428,2,2
2028,0,0
10814,1,1
24361,3,3
6826,0,0
8026,0,0
90,0,0
25475,4,4
21457,3,3
13736,1,1
27229,5,5
3610,0,0
31739,6,6
30260,6,6
31206,6,6
21367,3,3
18173,2,2
29493,5,5
14245,1,1
31709,6,6
1976,0,0
7140,0,0
24863,4,4
31896,6,6
13401,1,1
9736,1,1
12775,1,1
3039,0,0
9968,1,1
8962,1,1
3281,0,0
21715,3,3
1334,0,0
23799,3,3
19718,3,3
11449,1,1
2721,0,0
8917,1,1
19303,3,3
10875,1,1
3049,0,0
21818,3,3
10656,1,1
32036,6,6
29666,5,5
19667,3,3
15010,2,2
5250,0,0
2814,0,0
26809,5,5
21335,3,3
31762,6,6
13599,1,1
24866,4,4
10745,1,1
1607,0,0
4936,0,0
26506,5,5
21602,3,3
14063,1,1
24202,3,3
1617,0,0
26638,5,5
6837,0,0
8372,1,1
24280,3,3
22222,2,3
21509,3,3
4014,0,0
22049,3,3
12733,1,1
17964,2,2
23228,6,3
31258,6,6
5664,0,0
8497,3,1
29179,5,5
143,0,0
15420,2,2
29189,5,5
23304,3,3
22621,3,3
24385,3,3
14370,1,1
27433,5,5
6300,0,0
23401,3,3
29753,6,6
5308,0,0
16637,2,2
10508,1,1
7154,0,0
29464,5,5
10783,1,1
1947,0,0
32406,6,6
22557,3,3
13176,1,1
530,0,0
31898,6,6
18979,2,2
21434,3,3
18149,2,2
13248,1,1
20541,3,3
2425,0,0
7465,0,0
13705,1,1
10002,1,1
28419,5,5
27940,5,5
30945,6,6
9526,1,1
21587,3,3
2451,0,0
28030,5,5
12789,1,1
7998,0,0
3687,0,0
24860,4,4
31107,6,6
30494,6,6
14650,2,2
28249,5,5
25742,4,4
23457,3,3
21034,3,3
29793,6,6
25935,4,4
30363,6,6
13644,1,1
7916,0,0
30784,6,6
20299,3,3
8361,1,1
32415,6,6
24528,3,3
11731,1,1
23087,3,3
29811,6,6
6909,0,0
13719,1,1
25278,4,4
10756,1,1
4530,0,0
14883,2,2
14903,2,2
3808,0,0
5025,0,0
3900,0,0
13312,1,1
6259,0,0
8188,0,0
24364,3,3
9975,1,1
23236,3,3
19901,3,3
18677,2,2
24205,3,3
19981,3,3
16947,2,2
16619,2,2
14602,2,2
17205,2,2
18929,2,2
32253,6,6
18539,2,2
19895,3,3
15841,4,2
20578,3,3
17795,2,2
20780,3,3
17508,2,2
8422,1,1
25808,4,4
17179,2,2
6187,0,0
5257,0,0
14467,2,2
29417,5,5
28844,5,5
13052,1,1
13642,1,1
12746,1,1
30389,6,6
2728,0,0
25017,4,4
9992,1,1
29441,5,5
25807,4,4
24439,3,3
20822,3,3
2,0,0
18126,2,2
29713,5,5
3292,0,0
11595,1,1
4333,0,0
13493,1,1
30209,6,6
27429,5,5
5100,0,0
19821,3,3
15138,2,2
11575,1,1
2487,0,0
25581,4,4
12885,1,1
28289,5,5
6793,0,0
19094,2,2
11748,1,1
30160,6,6
7132,0,0
23402,3,3
2262,0,0
14934,2,2
17625,2,2
16888,2,2
6691,0,0
28344,5,5
23707,6,3
11316,1,1
5155,0,0
5388,0,0
20263,3,3
18037,2,2
2084,0,0
21394,3,3
9951,1,1
19441,3,3
18142,2,2
22752,3,3
24024,3,3
24780,4,4
15607,4,2
6931,0,0
6071,0,0
30916,6,6
13664,1,1
20076,3,3
84,0,0
9186,1,1
4762,0,0
30042,6,6
24516,3,3
30127,6,6
23054,6,3
5760,0,0
18254,2,2
12827,1,1
10024,3,1
8656,1,1
9655,1,1
19306,3,3
16217,2,2
1300,0,0
3190,0,0
2732,0,0
30694,6,6
8953,1,1
3575,0,0
16579,2,2
6783,0,0
7703,0,0
31444,6,6
2406,0,0
27871,5,5
15019,2,2
15173,2,2
22921,3,3
22570,3,3
14320,1,1
29042,5,5
22840,3,3
10645,1,1
13844,1,1
11702,1,1
3398,0,0
32531,6,6
16203,2,2
6658,0,0
13163,1,1
27702,5,5
30000,6,6
16276,2,2
5928,0,0
1047,0,0
8565,1,1
18681,2,2
8242,1,1
7041,0,0
8005,0,0
29629,5,5
28353,5,5
9223,1,1
1108,0,0
1714,0,0
9258,1,1
28121,5,5
28260,5,5
8490,1,1
23997,3,3
16300,2,2
18450,2,2
4565,0,0
15518,2,2
1039,0,0
15301,2,2
5561,0,0
32327,6,6
23183,3,3
8179,0,0
32104,6,6
18405,2,2
24359,3,3
30269,6,6
10111,1,1
19977,3,3
15823,2,2
2136,0,0
27934,5,5
22652,3,3
1850,0,0
30711,6,6
7746,0,0
7790,0,0
1250,0,0
25272,4,4
21224,3,3
10692,1,1
24629,4,4
25506,4,4
761,0,0
6850,0,0
5223,0,0
12065,1,1
222,0,0
18820,2,2
21554,3,3
30037,6,6
19168,2,2
6444,0,0
26120,4,4
16564,2,2
6801,0,0
5392,0,0
13128,1,1
28306,5,5
15393,2,2
10951,1,1
1381,0,0
27874,5,5
3591,0,0
30854,6,6
11417,1,1
12612,1,1
23830,3,3
26118,4,4
32182,6,6
6747,0,0
25005,4,4
23352,3,3
16711,2,2
20317,3,3
16465,2,2
3751,0,0
19808,3,3
8733,1,1
23637,3,3
3796,0,0
26770,5,5
14855,2,2
16054,2,2
5616,0,0
32258,6,6
10151,1,1
31766,6,6
1191,0,0
12671,1,1
1241,0,0
21712,3,3
4546,0,0
10578,1,1
28307,5,5
17994,2,2
6573,0,0
15326,2,2
24242,3,3
20454,3,3
24563,3,3
25657,4,4
25144,4,4
32289,6,6
6127,0,0
32263,6,6
32454,6,6
25638,4,4
29764,6,6
2609,0,0
22878,3,3
4646,0,0
22853,3,3
11696,1,1
26108,4,4
21888,3,3
23890,6,3
16455,2,2
11894,1,1
14319,1,1
20806,3,3
11284,1,1
4085,0,0
4443,0,0
21442,3,3
16415,2,2
11503,1,1
16669,2,2
10662,1,1
25655,4,4
25248,4,4
2053,0,0
21284,3,3
12593,1,1
600,0,0
9124,1,1
11066,1,1
65,0,0
25892,4,4
32489,6,6
3081,0,0
17430,2,2
6560,0,0
8975,1,1
13870,1,1
15608,2,2
9868,1,1
9593,1,1
31201,6,6
20049,3,3
15655,2,2
26410,4,4
18944,2,2
22930,3,3
21708,3,3
31984,6,6
4649,0,0
17008,2,2
22292,3,3
8391,1,1
19329,3,3
8051,0,0
24313,3,3
2356,0,0
20375,3,3
10658,1,1
21241,3,3
29513,5,5
934,0,0
2432,0,0
13652,1,1
29824,6,6
28658,5,5
27857,5,5
27071,5,5
1509,0,0
27541,5,5
22885,3,3
20738,3,3
15682,2,2
3879,0,0
19305,3,3
6552,0,0
9328,1,1
7412,0,0
7673,0,0
26197,4,4
9885,1,1
31601,6,6
27156,5,5
1552,0,0
30910,6,6
16068,2,2
27872,5,5
25694,4,4
12520,1,1
20330,3,3
17311,3,2
3764,0,0
28730,5,5
28674,5,5
6287,0,0
2260,0,0
23589,3,3
178,0,0
31717,6,6
24279,3,3
9054,1,1
16879,2,2
21691,3,3
9474,1,1
16515,2,2
20861,3,3
21133,3,3
5628,0,0
747,0,0
14826,2,2
8203,1,1
4037,0,0
7534,0,0
31973,6,6
861,0,0
15677,2,2
17753,2,2
12687,1,1
31077,6,6
10969,1,1
32470,6,6
14981,2,2
20712,3,3
11787,1,1
24836,4,4
19925,3,3
27962,5,5
23189,3,3
12111,1,1
8479,1,1
29803,6,6
18275,2,2
10695,1,1
11337,1,1
18459,2,2
24980,4,4
16469,2,2
27878,5,5
20991,3,3
2938,0,0
13836,1,1
8499,1,1
23579,3,3
12940,1,1
142,0,0
27209,5,5
21556,3,3
30132,6,6
9199,1,1
21281,3,3
14627,2,2
22269,3,3
12629,1,1
3464,0,0
26523,5,5
10118,1,1
2588,0,0
19167,2,2
16748,2,2
23403,3,3
12302,1,1
3568,0,0
18253,2,2
15604,2,2
24268,3,3
9515,1,1
19462,3,3
17624,2,2
21881,3,3
17364,2,2
17641,2,2
26072,4,4
300,0,0
19677,3,3
8766,1,1
8357,1,1
29918,6,6
20844,3,3
23958,3,3
13819,3,1
25450,4,4
18379,2,2
1755,0,0
2370,0,0
21257,6,3
24783,4,4
16014,2,2
11662,6,1
12518,1,1
31918,6,6
19140,2,2
9513,1,1
19099,2,2
23418,3,3
18614,2,2
30748,6,6
23518,3,3
3037,0,0
13543,1,1
739,0,0
17499,2,2
3787,0,0
20672,3,3
8251,1,1
9512,1,1
1891,0,0
5468,0,0
28076,5,5
4215,0,0
8586,1,1
22996,3,3
29026,5,5
5472,0,0
9795,1,1
12419,1,1
3798,0,0
6154,0,0
29429,5,5
30234,6,6
31608,6,6
27759,5,5
15170,2,2
19481,3,3
635,0,0
7351,0,0
31379,6,6
2424,0,0
18583,2,2
30428,6,6
24928,4,4
12987,1,1
14102,1,1
21132,3,3
758,0,0
26411,4,4
9063,1,1
4987,0,0
6068,0,0
5414,0,0
27597,5,5
14227,1,1
25273,4,4
31535,6,6
2394,0,0
28048,5,5
15648,2,2
8395,1,1
12112,1,1
17065,2,2
14773,2,2
16674,2,2
8498,1,1
32500,6,6
16868,2,2
11260,1,1
15507,2,2
2667,0,0
20319,3,3
4088,0,0
13451,3,1
25222,4,4
19270,3,3
16985,2,2
9123,1,1
6680,0,0
9292,1,1
1717,0,0
9850,1,1
30122,6,6
28624,5,5
2043,0,0
12574,1,1
6834,0,0
7162,0,0
30577,6,6
26883,5,5
18994,2,2
4543,0,0
6646,0,0
32578,6,6
27404,5,5
28716,5,5
24087,3,3
6673,0,0
12818,1,1
21054,3,3
633,0,0
17250,2,2
10484,1,1
3723,0,0
8330,1,1
10996,1,1
10063,1,1
27274,5,5
32236,6,6
32350,6,6
28762,5,5
16433,2,2
16541,2,2
29632,5,5
4738,0,0
25074,4,4
1162,0,0
8592,1,1
14802,2,2
20930,3,3
8448,1,1
18125,2,2
24320,3,3
30381,6,6
8326,1,1
17730,2,2
8037,0,0
8252,1,1
18549,2,2
22296,3,3
10538,1,1
642,0,0
190,0,0
4048,0,0
26663,5,5
2303,0,0
17534,2,2
4305,0,0
49,0,0
242,0,0
13521,1,1
15706,2,2
2448,0,0
10367,1,1
8922,1,1
18022,2,2
15111,2,2
19930,3,3
21233,3,3
23230,3,3
24463,3,3
4285,0,0
23525,3,3
17742,2,2
19963,3,3
24876,4,4
23296,3,3
14939,2,2
4410,0,0
14528,2,2
23395,3,3
3409,0,0
12071,1,1
18068,2,2
10008,1,1
19162,2,2
10887,1,1
729,0,0
31920,6,6
6669,0,0
4457,0,0
284,0,0
31734,6,6
19919,3,3
28285,5,5
3938,0,0
24703,4,4
7309,0,0
29400,5,5
20519,3,3
5694,0,0
27915,5,5
746,0,0
695,0,0
426,0,0
6087,0,0
1299,0,0
14368,1,1
935,0,0
23038,3,3
9256,1,1
16552,2,2
23691,3,3
4220,0,0
4674,0,0
12511,1,1
22371,3,3
29910,6,6
2672,0,0
3729,0,0
10049,1,1
29633,5,5
24119,3,3
9293,1,1
3160,0,0
32029,6,6
28390,5,5
24537,3,3
30241,6,6
15885,2,2
30441,6,6
6009,0,0
27932,5,5
19076,2,2
30557,6,6
23292,3,3
16476,2,2
13963,1,1
7114,0,0
21872,3,3
459,0,0
6800,0,0
4970,0,0
28929,5,5
12147,1,1
27292,5,5
27606,5,5
1571,0,0
25462,4,4
31343,6,6
17012,2,2
18162,2,2
26552,5,5
85,0,0
22432,6,3
31576,6,6
4029,0,0
28111,5,5
22854,3,3
24560,3,3
31158,6,6
10991,3,1
19083,2,2
23078,3,3
2471,0,0
8692,1,1
19410,3,3
18360,2,2
7564,0,0
21894,3,3
30121,6,6
4837,0,0
2376,0,0
31914,6,6
12028,1,1
5429,0,0
26182,2,4
20877,3,3
13710,1,1
1694,0,0
5482,0,0
28723,5,5
32600,6,6
6546,0,0
24660,4,4
30206,6,6
15495,2,2
19184,2,2
4885,0,0
20402,3,3
3124,0,0
24606,4,4
28240,5,5
24626,4,4
10798,1,1
3192,0,0
32547,6,6
12951,1,1
21505,3,3
20753,3,3
19608,3,3
17126,6,2
23440,3,3
13266,1,1
22014,3,3
12810,1,1
17500,2,2
19786,3,3
30622,6,6
4363,0,0
12824,1,1
20660,3,3
5493,0,0
18306,2,2
9509,1,1
20632,3,3
25583,4,4
11645,1,1
15965,2,2
23008,3,3
16266,2,2
15899,2,2
17280,2,2
14588,2,2
22834,3,3
6732,0,0
1562,0,0
15634,2,2
28132,5,5
12437,1,1
16418,2,2
29338,5,5
24352,3,3
2675,0,0
15312,2,2
9410,1,1
4348,0,0
18150,2,2
18505,2,2
23752,3,3
18839,2,2
3674,0,0
30344,6,6
22159,3,3
20376,3,3
23051,3,3
27708,5,5
7517,0,0
30151,6,6
3456,0,0
15075,2,2
7590,0,0
30773,6,6
309,0,0
22041,3,3
364,0,0
19285,3,3
1198,0,0
17034,2,2
7280,0,0
29643,5,5
10466,1,1
27260,5,5
26577,6,5
29615,5,5
783,0,0
17210,2,2
7488,0,0
30514,6,6
8464,1,1
11720,1,1
7585,0,0
18117,2,2
17300,2,2
19760,3,3
21933,3,3
5272,0,0
22395,3,3
23302,3,3
25815,4,4
24228,3,3
31038,6,6
27550,5,5
15915,2,2
1538,0,0
16869,2,2
8237,3,1
2225,0,0
10933,1,1
23815,3,3
11197,1,1
29954,6,6
17600,3,2
10089,1,1
17796,2,2
30322,6,6
15022,2,2
12129,1,1
29625,5,5
24216,3,3
17405,2,2
13786,1,1
31922,6,6
21546,3,3
6474,0,0
14624,2,2
21890,3,3
10289,1,1
6047,0,0
27856,5,5
16572,2,2
26136,4,4
21660,3,3
3548,0,0
32510,6,6
4940,0,0
1731,0,0
11863,1,1
1559,0,0
4123,0,0
10041,1,1
19840,3,3
3807,0,0
14164,1,1
5502,0,0
16835,2,2
14562,2,2
8500,1,1
24299,3,3
20140,6,3
17016,2,2
14844,2,2
30405,6,6
2718,0,0
24486,3,3
27950,5,5
30766,6,6
6847,0,0
2859,0,0
32479,6,6
14725,2,2
9644,1,1
17389,2,2
18039,2,2
11789,1,1
12860,1,1
11127,1,1
9585,1,1
10030,1,1
29156,5,5
6777,0,0
23270,3,3
13943,1,1
2034,0,0
852,0,0
7302,0,0
11052,1,1
30244,6,6
16147,2,2
30581,6,6
15835,4,2
6098,0,0
13835,1,1
1477,0,0
25864,4,4
348,0,0
32584,6,6
236,0,0
28758,5,5
23138,3,3
20144,3,3
26246,4,4
32371,6,6
14217,1,1
21706,3,3
1786,0,0
3553,0,0
23569,3,3
27486,5,5
16412,2,2
10338,1,1
17383,2,2
12523,1,1
17788,2,2
17464,2,2
22616,3,3
2631,0,0
24258,3,3
31533,6,6
3019,0,0
26726,5,5
4864,0,0
3499,0,0
10483,1,1
2729,0,0
27928,5,5
25218,4,4
4930,0,0
26020,4,4
28711,5,5
12911,3,1
11878,1,1
1248,0,0
25127,4,4
28078,5,5
29428,5,5
28869,5,5
11888,1,1
29602,5,5
23129,3,3
23789,3,3
13088,1,1
3035,0,0
12006,1,1
31418,6,6
29459,5,5
29736,6,6
13408,1,1
21779,3,3
27007,5,5
25176,4,4
14372,1,1
29656,5,5
18696,2,2
19675,3,3
31202,6,6
762,0,0
28413,5,5
23042,6,3
5306,0,0
23389,3,3
8556,1,1
10311,1,1
7177,0,0
3445,0,0
10178,1,1
11956,1,1
7860,0,0
13411,1,1
21610,3,3
32040,6,6
6018,0,0
30182,6,6
1076,0,0
12542,1,1
31245,6,6
4469,0,0
8077,0,0
11322,1,1
13978,1,1
10639,1,1
13111,1,1
19950,3,3
8050,0,0
30825,6,6
11761,1,1
17100,2,2
17325,2,2
20504,3,3
11798,1,1
17372,2,2
26044,4,4
26045,4,4
22170,3,3
3554,0,0
958,0,0
20956,3,3
7506,0,0
14715,2,2
17223,2,2
28256,5,5
12969,1,1
12213,1,1
3451,0,0
25774,4,4
24112,3,3
9627,1,1
25255,4,4
20091,3,3
2289,0,0
17657,2,2
19933,3,3
5708,0,0
2688,0,0
31134,6,6
16992,2,2
19560,3,3
24229,3,3
14375,1,1
31118,6,6
11120,1,1
12610,1,1
26971,5,5
22434,3,3
4009,0,0
15233,2,2
30360,6,6
21006,3,3
26298,4,4
3592,0,0
7950,0,0
3556,0,0
18808,2,2
10058,1,1
14628,2,2
12788,1,1
7411,0,0
16576,2,2
2045,0,0
11543,3,1
28277,5,5
22746,3,3
4842,0,0
17995,2,2
4747,0,0
10898,1,1
26562,5,5
21928,3,3
6054,0,0
26633,5,5
15873,2,2
12242,1,1
30445,6,6
4528,0,0
6156,0,0
22939,3,3
14722,2,2
25498,4,4
21056,3,3
21249,3,3
3840,0,0
24937,4,4
27149,5,5
20697,3,3
8417,1,1
10415,1,1
24013,3,3
10876,1,1
20706,3,3
25384,4,4
1822,0,0
14417,1,1
22657,3,3
24975,4,4
3235,0,0
12149,1,1
30703,6,6
15339,2,2
29715,5,5
17622,2,2
9455,1,1
26630,5,5
5183,0,0
3317,0,0
11383,1,1
10249,1,1
32302,6,6
858,0,0
8040,0,0
30685,6,6
25629,4,4
100,0,0
28230,5,5
8994,1,1
16943,2,2
138,0,0
3315,0,0
2782,0,0
17129,2,2
3906,0,0
4607,0,0
8915,1,1
19986,3,3
14684,2,2
32477,6,6
22563,3,3
440,0,0
25777,4,4
23623,3,3
21669,3,3
15458,2,2
9702,1,1
9285,1,1
27756,5,5
30265,6,6
22376,3,3
18725,2,2
5161,0,0
19367,3,3
11323,1,1
10032,1,1
27135,5,5
7068,0,0
8255,1,1
18321,2,2
4544,0,0
7453,0,0
2809,0,0
26830,5,5
14010,1,1
20075,3,3
24075,3,3
1834,0,0
5880,0,0
9326,1,1
7816,0,0
14160,1,1
15403,2,2
32131,6,6
25525,4,4
14724,2,2
3782,0,0
19598,3,3
13656,1,1
31832,6,6
18943,2,2
1906,0,0
23603,3,3
5452,0,0
1821,0,0
18673,2,2
11187,1,1
7445,0,0
17028,2,2
14556,2,2
1394,0,0
18753,2,2
25577,4,4
2725,0,0
28604,5,5
14697,2,2
29552,5,5
18626,2,2
14502,2,2
30392,6,6
21636,3,3
7781,0,0
15889,2,2
5667,0,0
5330,0,0
10237,1,1
30672,6,6
13405,1,1
11080,1,1
4584,0,0
22701,3,3
11046,1,1
6015,0,0
3024,0,0
21079,3,3
31373,6,6
22396,3,3
6594,0,0
817,0,0
26174,4,4
18040,2,2
5614,0,0
25243,4,4
32049,6,6
16356,2,2
24355,3,3
5739,0,0
21689,3,3
6186,0,0
27763,5,5
4655,0,0
11497,1,1
6099,0,0
11339,1,1
2965,0,0
20181,3,3
18516,2,2
905,0,0
5291,0,0
6624,0,0
14617,2,2
27810,5,5
12587,1,1
949,0,0
24916,4,4
3269,0,0
29689,5,5
18328,2,2
4202,0,0
982,0,0
2078,0,0
22873,3,3
4922,0,0
28574,5,5
22325,3,3
2061,0,0
2310,0,0
21043,3,3
16191,2,2
25433,4,4
18615,2,2
12718,1,1
28547,5,5
27705,5,5
22711,3,3
4634,0,0
23693,3,3
29406,5,5
19574,3,3
8102,0,0
9163,1,1
22870,3,3
25009,4,4
25187,4,4
3613,0,0
28862,5,5
23861,3,3
24880,4,4
6446,0,0
10720,1,1
3093,0,0
5120,0,0
23473,3,3
29394,5,5
8285,1,1
1285,0,0
8515,1,1
31396,6,6
18961,2,2
5198,0,0
12748,1,1
20170,3,3
11382,1,1
29127,5,5
2638,0,0
19324,3,3
22822,3,3
16639,2,2
25060,4,4
3118,0,0
13200,1,1
22888,3,3
7471,0,0
3800,0,0
8045,0,0
6968,0,0
7145,0,0
21412,3,3
3861,0,0
2800,0,0
8311,1,1
32214,6,6
17395,2,2
14921,2,2
29408,5,5
3217,0,0
4129,0,0
17573,2,2
18398,2,2
4838,0,0
20790,3,3
5585,0,0
21976,3,3
19176,2,2
23467,3,3
7538,0,0
14673,2,2
32490,6,6
19951,3,3
14695,2,2
25529,4,4
7594,0,0
8758,1,1
6791,0,0
21548,3,3
1505,0,0
31481,6,6
2460,0,0
23509,3,3
2518,0,0
26518,5,5
4454,0,0
9138,1,1
3811,0,0
15918,2,2
9586,1,1
1449,0,0
17055,2,2
3862,0,0
5023,0,0
25270,4,4
14896,2,2
16353,2,2
18651,2,2
6442,0,0
26587,5,5
11908,1,1
19235,3,3
16742,2,2
22295,3,3
2372,0,0
16909,2,2
15437,2,2
26117,4,4
12483,1,1
7541,0,0
4421,0,0
5444,0,0
31704,6,6
32212,6,6
23945,3,3
1894,0,0
15580,2,2
12143,1,1
27234,5,5
20776,3,3
22456,3,3
18584,2,2
6356,0,0
20260,3,3
23919,3,3
4332,0,0
11024,1,1
29024,5,5
19709,3,3
26655,5,5
29195,5,5
8182,0,0
17287,2,2
22894,3,3
26478,5,5
15907,2,2
14832,6,2
23022,3,3
4226,0,0
7774,0,0
10234,1,1
2516,0,0
5287,0,0
15591,2,2
25887,4,4
10934,1,1
24311,3,3
462,0,0
978,0,0
25672,4,4
10262,1,1
26221,4,4
25790,4,4
24139,3,3
18576,2,2
17823,3,2
5443,0,0
12184,1,1
9429,1,1
4856,0,0
30225,6,6
7046,0,0
12989,1,1
25178,4,4
25228,4,4
4860,0,0
14634,2,2
17924,2,2
13288,1,1
11540,1,1
14330,1,1
24151,3,3
2026,0,0
8811,1,1
7938,0,0
24322,3,3
20680,3,3
10401,1,1
14395,1,1
6983,0,0
4425,0,0
28557,5,5
23904,3,3
26775,5,5
23082,3,3
3021,0,0
21726,3,3
17050,2,2
4556,0,0
19175,2,2
29672,5,5
28832,5,5
29057,5,5
10148,1,1
8941,1,1
9178,1,1
26360,4,4
31806,6,6
8455,1,1
28996,5,5
26560,5,5
6757,0,0
21748,3,3
16971,2,2
32195,6,6
14735,2,2
11750,1,1
1447,0,0
24197,3,3
12241,1,1
26350,4,4
11783,1,1
1151,0,0
19534,3,3
21269,3,3
9745,1,1
19295,3,3
287,0,0
24933,4,4
11034,1,1
17846,3,2
31129,6,6
18826,2,2
31938,6,6
23828,3,3
27256,5,5
23436,3,3
1637,0,0
21188,3,3
13509,1,1
13026,1,1
26573,5,5
5436,0,0
1826,0,0
1841,0,0
10833,1,1
29460,5,5
20334,3,3
22470,3,3
9027,1,1
10044,1,1
9220,1,1
23323,3,3
24237,3,3
24471,3,3
11770,1,1
5960,0,0
660,0,0
27487,5,5
4685,0,0
22952,3,3
13386,1,1
11715,1,1
28815,5,5
27459,5,5
7242,0,0
16103,2,2
16939,2,2
27307,5,5
1684,0,0
14327,1,1
20212,3,3
7628,0,0
22357,3,3
15026,2,2
21460,3,3
27796,5,5
25202,4,4
24738,4,4
14234,1,1
10115,1,1
3329,0,0
29085,5,5
23331,3,3
6773,0,0
22648,3,3
11003,1,1
4167,0,0
11246,1,1
17133,2,2
3328,0,0
15829,2,2
25000,4,4
11655,1,1
19174,2,2
28920,5,5
7922,0,0
25641,4,4
19830,3,3
29426,5,5
5151,0,0
31135,6,6
19480,3,3
31482,6,6
22507,3,3
9771,1,1
3075,0,0
3442,0,0
1802,0,0
6231,0,0
375,0,0
26015,4,4
27982,5,5
155,0,0
2377,0,0
6629,0,0
31513,6,6
9148,1,1
28428,5,5
31082,6,6
27991,5,5
17950,2,2
20559,3,3
28378,5,5
23802,3,3
7842,0,0
6306,0,0
24501,3,3
915,0,0
31361,6,6
20733,3,3
5007,0,0
28770,5,5
31273,6,6
16608,2,2
14153,1,1
14125,1,1
30410,6,6
26159,4,4
177,0,0
15419,2,2
16088,2,2
30236,6,6
4474,0,0
30380,6,6
21022,3,3
312,0,0
7848,0,0
13255,1,1
7468,0,0
17354,2,2
6078,0,0
19512,3,3
10201,1,1
1186,0,0
14733,6,2
5840,0,0
9881,1,1
21882,3,3
25458,4,4
4716,0,0
18245,2,2
10057,1,1
18704,2,2
760,0,0
4116,0,0
30190,6,6
6954,0,0
2501,0,0
7430,0,0
14582,4,2
14879,2,2
27125,5,5
23993,3,3
26384,4,4
19490,3,3
3347,0,0
6023,0,0
8693,1,1
21013,3,3
11400,1,1
1983,0,0
529,0,0
27399,5,5
26621,6,5
19413,3,3
22715,3,3
8184,0,0
24014,3,3
23844,3,3
25700,4,4
7637,0,0
19742,3,3
12226,1,1
9418,1,1
13220,1,1
11309,1,1
30212,6,6
30220,6,6
19998,3,3
12850,1,1
18877,2,2
28493,5,5
10874,1,1
27243,5,5
7536,0,0
17258,2,2
30866,6,6
24964,4,4
5819,0,0
1660,0,0
7868,0,0
6112,0,0
30301,6,6
24992,4,4
1773,0,0
2019,0,0
7485,0,0
14233,1,1
14906,2,2
10405,1,1
7829,0,0
30256,6,6
1130,0,0
28617,5,5
14426,1,1
23234,3,3
15291,2,2
14933,2,2
27943,5,5
5972,0,0
31878,6,6
13985,1,1
5810,0,0
18045,2,2
29114,5,5
20830,3,3
19225,2,2
16057,2,2
13144,1,1
16488,2,2
24169,6,3
30350,6,6
15771,2,2
17904,2,2
30101,6,6
15051,2,2
5693,0,0
30507,6,6
8167,0,0
16206,2,2
2430,0,0
4198,0,0
14052,1,1
32190,6,6
21703,3,3
15140,2,2
14645,3,2
18970,2,2
8383,1,1
19241,3,3
29422,5,5
28939,5,5
3066,0,0
8236,1,1
12665,1,1
5697,0,0
30851,6,6
18296,2,2
25160,4,4
30447,6,6
18249,2,2
7137,0,0
12525,1,1
11656,1,1
28686,5,5
6051,0,0
10480,1,1
3359,0,0
4772,0,0
23063,3,3
11011,1,1
14565,2,2
25878,4,4
16058,2,2
21654,3,3
13417,1,1
5415,0,0
21524,3,3
7243,0,0
24082,6,3
11124,1,1
18660,2,2
26953,5,5
6379,0,0
13619,3,1
5530,0,0
23488,3,3
14407,1,1
31470,6,6
20100,6,3
27395,5,5
3352,0,0
6971,0,0
15069,2,2
3260,0,0
23060,3,3
18524,2,2
31044,6,6
28839,5,5
9762,1,1
24041,3,3
12611,1,1
11270,1,1
4449,0,0
4339,0,0
17094,2,2
27773,5,5
17566,2,2
5004,0,0
30449,6,6
27788,5,5
6580,0,0
2018,0,0
2284,0,0
31677,6,6
20555,3,3
25227,4,4
12193,1,1
5589,0,0
29130,5,5
7296,0,0
30433,6,6
7801,0,0
1046,0,0
7439,0,0
30974,6,6
21227,3,3
3563,0,0
24137,3,3
3433,0,0
20256,3,3
31990,6,6
3995,0,0
16789,2,2
23684,3,3
11629,1,1
26429,4,4
17882,2,2
28680,5,5
18174,2,2
28271,5,5
14598,2,2
16630,2,2
16549,2,2
27502,5,5
18362,2,2
11396,1,1
5551,0,0
17699,2,2
29124,5,5
3187,0,0
2473,0,0
25065,4,4
9502,1,1
2891,0,0
6218,0,0
32139,6,6
31155,6,6
6916,0,0
31712,6,6
8617,1,1
4941,0,0
20942,6,3
15096,2,2
30676,6,6
11782,1,1
19296,3,3
3802,0,0
28127,5,5
5254,0,0
26517,5,5
32571,6,6
17516,2,2
7907,0,0
3266,0,0
10646,1,1
22978,3,3
919,0,0
30388,6,6
25290,4,4
479,0,0
18340,2,2
12682,1,1
32004,6,6
32224,6,6
14985,2,2
13091,1,1
3174,0,0
10010,1,1
22460,3,3
23374,3,3
11220,1,1
31605,6,6
30559,6,6
19489,3,3
528,0,0
26607,5,5
2173,0,0
283,0,0
30015,6,6
24133,3,3
29592,5,5
26329,4,4
9076,1,1
27312,5,5
31022,6,6
11777,1,1
29274,5,5
19770,3,3
2640,0,0
4380,0,0
32354,6,6
23058,3,3
27057,5,5
1354,0,0
20512,3,3
25522,4,4
26722,5,5
29860,6,6
13227,1,1
21512,3,3
26531,5,5
21893,3,3
21014,3,3
27725,5,5
6824,0,0
15271,2,2
13159,1,1
27612,5,5
4967,0,0
11826,1,1
19554,6,3
10685,1,1
2131,0,0
27475,5,5
16961,2,2
576,0,0
15058,2,2
21347,3,3
8146,0,0
24639,4,4
693,0,0
21008,3,3
13211,1,1
22260,3,3
24651,4,4
17588,2,2
20238,3,3
13424,1,1
22409,3,3
27107,5,5
29281,5,5
2333,0,0
15455,2,2
3737,0,0
30958,6,6
17163,2,2
25223,4,4
10495,1,1
24840,4,4
30743,6,6
11618,1,1
21021,3,3
18386,2,2
6107,0,0
29335,5,5
16696,2,2
24991,4,4
31027,6,6
2410,0,0
25762,4,4
28700,5,5
23891,3,3
589,0,0
8098,0,0
26143,4,4
16323,2,2
15206,2,2
22807,3,3
27244,5,5
12652,1,1
31026,6,6
17735,2,2
16548,2,2
21122,3,3
24037,3,3
27367,5,5
2530,0,0
1962,0,0
15922,2,2
21662,3,3
5412,0,0
26794,5,5
14228,1,1
3863,0,0
27215,5,5
27476,5,5
17362,2,2
27303,5,5
27818,5,5
2482,0,0
24583,3,3
6195,0,0
8666,1,1
26993,6,5
9404,1,1
32408,6,6
28335,5,5
11804,1,1
1504,0,0
8496,1,1
24120,3,3
5367,0,0
11237,1,1
3650,0,0
29237,5,5
22327,3,3
17069,2,2
12221,1,1
1528,0,0
32570,6,6
17610,2,2
14039,1,1
25213,4,4
7372,0,0
19502,3,3
10544,1,1
19836,3,3
32151,6,6
4354,0,0
1415,0,0
5779,0,0
21538,3,3
2760,0,0
12693,1,1
25986,4,4
27655,5,5
7397,0,0
22755,3,3
12539,1,1
910,0,0
232,0,0
22150,3,3
10458,1,1
5986,0,0
29870,6,6
19547,3,3
13281,1,1
17097,2,2
7327,0,0
15926,2,2
6750,0,0
31597,6,6
7771,0,0
2738,0,0
24940,4,4
9618,1,1
250,0,0
2709,0,0
6558,0,0
17822,4,2
1578,0,0
12994,1,1
28978,5,5
3501,0,0
25708,4,4
30668,6,6
6785,0,0
29942,6,6
4549,0,0
14511,2,2
19538,3,3
10726,1,1
6368,0,0
22530,3,3
18044,2,2
13641,1,1
20059,3,3
18971,2,2
26973,5,5
18821,2,2
10721,1,1
11812,1,1
3789,0,0
27403,5,5
23685,3,3
26944,5,5
5610,0,0
16651,2,2
28053,5,5
9934,1,1
2928,0,0
22962,3,3
8820,1,1
8473,1,1
1866,0,0
12406,1,1
16524,2,2
8209,1,1
23072,4,3
6160,0,0
14206,1,1
1342,0,0
8570,1,1
3753,0,0
2127,0,0
26984,5,5
2587,0,0
9966,1,1
31649,6,6
26972,5,5
23965,3,3
15664,2,2
33,0,0
21316,3,3
19602,3,3
4026,0,0
493,0,0
31170,6,6
32183,6,6
24823,4,4
6633,0,0
4398,0,0
30606,6,6
5701,0,0
8032,0,0
28490,5,5
2830,0,0
24484,3,3
15107,2,2
18874,2,2
30745,6,6
9201,1,1
8392,1,1
13519,1,1
26099,4,4
15338,2,2
29260,5,5
2414,0,0
22876,3,3
24731,4,4
9575,1,1
10451,1,1
28755,5,5
32069,6,6
10040,1,1
12051,1,1
5219,0,0
22302,3,3
11261,1,1
7157,0,0
12725,1,1
13984,1,1
22976,6,3
29537,5,5
25047,4,4
30830,6,6
7135,0,0
24608,4,4
3638,0,0
16076,2,2
18170,2,2
13651,1,1
31537,6,6
28821,5,5
9658,1,1
19330,3,3
16113,2,2
4319,0,0
17786,2,2
20520,3,3
6227,0,0
27957,5,5
14338,1,1
13919,1,1
19927,3,3
32455,6,6
6350,0,0
15332,2,2
15643,2,2
30609,2,6
29719,5,5
1539,0,0
28681,5,5
24357,3,3
31352,6,6
12016,1,1
15461,2,2
31319,6,6
5140,0,0
8262,1,1
30075,6,6
2035,0,0
5314,0,0
2772,0,0
13827,1,1
27342,5,5
2074,0,0
28136,5,5
25945,4,4
21927,3,3
4214,0,0
18733,6,2
30327,6,6
23777,3,3
19209,2,2
13578,1,1
6619,0,0
7073,0,0
6012,0,0
22619,3,3
18898,2,2
5258,0,0
59,0,0
32166,6,6
9861,1,1
15888,2,2
32379,6,6
15181,2,2
12365,1,1
10994,1,1
16581,2,2
17194,2,2
9324,1,1
6565,0,0
22831,3,3
9221,1,1
22579,3,3
21180,3,3
5629,0,0
6038,0,0
13977,1,1
3935,0,0
30070,6,6
10724,1,1
24222,3,3
27905,5,5
28293,5,5
630,0,0
25624,4,4
6365,0,0
3092,0,0
14757,2,2
18904,2,2
19888,3,3
27747,5,5
29491,5,5
8080,0,0
7348,0,0
24474,3,3
19148,2,2
12496,1,1
21174,3,3
9266,1,1
1453,0,0
1088,0,0
25304,4,4
13197,1,1
2047,0,0
10594,1,1
24524,3,3
26199,4,4
3630,0,0
16913,2,2
10664,1,1
16008,2,2
11459,1,1
535,0,0
25510,4,4
28112,5,5
3275,0,0
2024,0,0
12236,1,1
153,0,0
10901,1,1
11228,1,1
25741,4,4
724,0,0
30022,6,6
25417,4,4
11858,1,1
31581,6,6
24517,3,3
16044,2,2
16818,2,2
25064,4,4
30862,6,6
21305,3,3
30789,6,6
4761,0,0
14411,1,1
31955,6,6
29533,5,5
6799,0,0
4372,0,0
27882,5,5
22801,3,3
6948,0,0
18312,2,2
18865,2,2
30117,6,6
16595,2,2
30915,6,6
914,0,0
2269,0,0
15105,2,2
9563,1,1
30453,6,6
8991,1,1
19717,3,3
14585,2,2
15106,2,2
12650,1,1
29263,5,5
12457,1,1
19612,3,3
1366,0,0
5196,0,0
8603,1,1
30586,6,6
18866,2,2
13204,1,1
28308,5,5
5372,0,0
26327,4,4
29936,6,6
10054,1,1
1999,0,0
12876,1,1
14810,2,2
27175,5,5
3518,0,0
19406,3,3
12865,1,1
6066,0,0
26454,5,5
26123,4,4
16721,2,2
12239,1,1
7449,0,0
25075,4,4
15550,2,2
14829,2,2
24845,4,4
31029,6,6
30660,6,6
11353,1,1
29527,5,5
31750,6,6
27438,5,5
17958,2,2
24961,4,4
4394,0,0
20191,3,3
3996,0,0
11446,1,1
21714,3,3
275,0,0
12274,1,1
21448,3,3
11019,1,1
7793,0,0
32507,6,6
12011,1,1
1507,0,0
